lemma	sourceScope
a	cet4
abandon	cet4
ability	cet4
able	cet4
aboard	cet4
abolish	cet4
abolition	cet4
about	cet4
above	cet4
abroad	cet4
absence	cet4
absent	cet4
absolute	cet4
absorb	cet4
absorption	cet4
abstract	cet4
abundance	cet4
abundant	cet4
abuse	cet4
abusive	cet4
academic	cet4
academician	cet4
academy	cet4
accelerate	cet4
acceleration	cet4
accent	cet4
accept	cet4
acceptable	cet4
acceptance	cet4
access	cet4
accessible	cet4
accident	cet4
accidental	cet4
accommodate	cet4
accommodation	cet4
accompany	cet4
accomplish	cet4
accomplishment	cet4
accord	cet4
accordance	cet4
accordingly	cet4
accordingto	cet4
account	cet4
accountability	cet4
accountable	cet4
accountancy	cet4
accountant	cet4
accounting	cet4
accumulate	cet4
accumulation	cet4
accumulative	cet4
accuracy	cet4
accurate	cet4
accusation	cet4
accuse	cet4
accustom	cet4
accustomed	cet4
ace	cet4
ache	cet4
achieve	cet4
achievement	cet4
acid	cet4
acidity	cet4
acknowledge	cet4
acknowledgement	cet4
acquaint	cet4
acquaintance	cet4
acquire	cet4
acquisition	cet4
acre	cet4
across	cet4
act	cet4
acting	cet4
action	cet4
active	cet4
activist	cet4
activity	cet4
actor	cet4
actress	cet4
actual	cet4
actually	cet4
acute	cet4
ad	cet4
adapt	cet4
adaptation	cet4
adaptive	cet4
add	cet4
addict	cet4
addiction	cet4
addictive	cet4
addition	cet4
additional	cet4
address	cet4
adequacy	cet4
adequate	cet4
adequately	cet4
adjective	cet4
adjust	cet4
adjustment	cet4
administer	cet4
administrate	cet4
administration	cet4
administrative	cet4
admirable	cet4
admiration	cet4
admire	cet4
admission	cet4
admit	cet4
admittance	cet4
admittedly	cet4
adopt	cet4
adoption	cet4
adult	cet4
adulthood	cet4
advance	cet4
advanced	cet4
advancement	cet4
advantage	cet4
advantageous	cet4
adventure	cet4
adventurer	cet4
adventurous	cet4
adverb	cet4
advertise	cet4
advertisement	cet4
advertising	cet4
advice	cet4
advisable	cet4
advise	cet4
advisor	cet4
advisory	cet4
advocacy	cet4
advocate	cet4
aerial	cet4
aeroplane	cet4
affair	cet4
affect	cet4
affection	cet4
affectionate	cet4
affluence	cet4
affluent	cet4
afford	cet4
affordability	cet4
affordable	cet4
afraid	cet4
after	cet4
afternoon	cet4
afterward	cet4
again	cet4
against	cet4
age	cet4
aged	cet4
agency	cet4
agenda	cet4
agent	cet4
aggression	cet4
aggressive	cet4
aging	cet4
ago	cet4
agree	cet4
agreeable	cet4
agreement	cet4
agricultural	cet4
agriculture	cet4
ahead	cet4
aid	cet4
aids	cet4
aim	cet4
air	cet4
air-conditioner	cet4
air-conditioning	cet4
aircraft	cet4
airline	cet4
airplane	cet4
airport	cet4
aisle	cet4
al	cet4
alarm	cet4
album	cet4
alcohol	cet4
alcoholic	cet4
alert	cet4
algebra	cet4
alike	cet4
alive	cet4
all	cet4
allegation	cet4
allege	cet4
alleged	cet4
allegedly	cet4
alley	cet4
alliance	cet4
allow	cet4
allowance	cet4
ally	cet4
almost	cet4
alone	cet4
along	cet4
alongside	cet4
aloud	cet4
alphabet	cet4
alphabetic	cet4
already	cet4
also	cet4
alter	cet4
alteration	cet4
alternative	cet4
although	cet4
altitude	cet4
altogether	cet4
aluminum	cet4
always	cet4
am	cet4
amateur	cet4
amaze	cet4
amazement	cet4
amazing	cet4
ambassador	cet4
ambition	cet4
ambitious	cet4
ambulance	cet4
amid	cet4
among	cet4
amount	cet4
ample	cet4
amuse	cet4
amusement	cet4
amusing	cet4
an	cet4
analysis	cet4
analyst	cet4
analytic	cet4
analyze	cet4
ancestor	cet4
ancestry	cet4
anchor	cet4
anchorage	cet4
ancient	cet4
and	cet4
anew	cet4
angel	cet4
anger	cet4
angle	cet4
angry	cet4
animal	cet4
ankle	cet4
anniversary	cet4
announce	cet4
announcement	cet4
annoy	cet4
annoyance	cet4
annual	cet4
another	cet4
answer	cet4
ant	cet4
anticipate	cet4
anticipation	cet4
antique	cet4
anxiety	cet4
anxious	cet4
any	cet4
anybody	cet4
anyhow	cet4
anyone	cet4
anything	cet4
anyway	cet4
anywhere	cet4
apart	cet4
apartment	cet4
apologetic	cet4
apologize	cet4
apology	cet4
app	cet4
apparatus	cet4
apparent	cet4
apparently	cet4
appeal	cet4
appealing	cet4
appear	cet4
appearance	cet4
appetite	cet4
applaud	cet4
applause	cet4
apple	cet4
appliance	cet4
applicable	cet4
applicant	cet4
application	cet4
apply	cet4
appoint	cet4
appointment	cet4
appreciate	cet4
appreciation	cet4
appreciative	cet4
approach	cet4
appropriate	cet4
appropriation	cet4
approval	cet4
approve	cet4
approximate	cet4
approximately	cet4
approximation	cet4
april	cet4
aptitude	cet4
arbitrarily	cet4
arbitrary	cet4
architect	cet4
architecture	cet4
area	cet4
arguable	cet4
argue	cet4
argument	cet4
argumentation	cet4
argumentative	cet4
arise	cet4
arithmetic	cet4
arm	cet4
armament	cet4
army	cet4
around	cet4
arousal	cet4
arouse	cet4
arrange	cet4
arrangement	cet4
arrest	cet4
arrival	cet4
arrive	cet4
arrow	cet4
art	cet4
article	cet4
artificial	cet4
artist	cet4
artistic	cet4
artistically	cet4
as	cet4
ash	cet4
ashamed	cet4
ashore	cet4
aside	cet4
ask	cet4
asleep	cet4
aspect	cet4
ass	cet4
assemble	cet4
assembly	cet4
assess	cet4
assessment	cet4
asset	cet4
assign	cet4
assignment	cet4
assist	cet4
assistance	cet4
assistant	cet4
associate	cet4
association	cet4
assume	cet4
assumption	cet4
assurance	cet4
assure	cet4
astonish	cet4
astonishment	cet4
astronaut	cet4
astronomer	cet4
astronomical	cet4
astronomy	cet4
at	cet4
athlete	cet4
athletic	cet4
atmosphere	cet4
atmospheric	cet4
atom	cet4
atomic	cet4
atop	cet4
attach	cet4
attachment	cet4
attack	cet4
attain	cet4
attainment	cet4
attempt	cet4
attend	cet4
attendance	cet4
attendant	cet4
attention	cet4
attentive	cet4
attic	cet4
attitude	cet4
attorney	cet4
attract	cet4
attraction	cet4
attractive	cet4
attributable	cet4
attribute	cet4
attributive	cet4
audience	cet4
audio	cet4
auditorium	cet4
august	cet4
aunt	cet4
auntie	cet4
authentic	cet4
authenticity	cet4
author	cet4
authoritative	cet4
authority	cet4
authorization	cet4
authorize	cet4
auto	cet4
automate	cet4
automatic	cet4
automatically	cet4
automation	cet4
autumn	cet4
availability	cet4
available	cet4
avenue	cet4
average	cet4
aviation	cet4
avoid	cet4
avoidance	cet4
await	cet4
awake	cet4
award	cet4
aware	cet4
awareness	cet4
away	cet4
awe	cet4
awesome	cet4
awful	cet4
awkward	cet4
ax	cet4
axis	cet4
baby	cet4
babyboom	cet4
babyboomer	cet4
bachelor	cet4
back	cet4
background	cet4
backup	cet4
backward	cet4
backwards	cet4
backyard	cet4
bacon	cet4
bacteria	cet4
bad	cet4
badge	cet4
badly	cet4
badminton	cet4
bag	cet4
baggage	cet4
bail	cet4
bait	cet4
bake	cet4
bakery	cet4
balance	cet4
balcony	cet4
ball	cet4
ballet	cet4
balloon	cet4
ballot	cet4
bamboo	cet4
ban	cet4
banana	cet4
band	cet4
bandage	cet4
bang	cet4
bank	cet4
banker	cet4
banking	cet4
banknote	cet4
bankrupt	cet4
bankruptcy	cet4
banner	cet4
banquet	cet4
bar	cet4
barbecue	cet4
barber	cet4
bare	cet4
barely	cet4
bargain	cet4
bark	cet4
barrel	cet4
barrier	cet4
base	cet4
baseball	cet4
basement	cet4
basic	cet4
basically	cet4
basin	cet4
basis	cet4
basket	cet4
basketball	cet4
bat	cet4
batch	cet4
bath	cet4
bathe	cet4
bathroom	cet4
battalion	cet4
battery	cet4
battle	cet4
bay	cet4
bbq	cet4
be	cet4
beach	cet4
beam	cet4
bean	cet4
bear	cet4
beard	cet4
bearing	cet4
beast	cet4
beat	cet4
beautiful	cet4
beautify	cet4
beauty	cet4
because	cet4
become	cet4
bed	cet4
bedding	cet4
bee	cet4
beef	cet4
beer	cet4
before	cet4
beforehand	cet4
beg	cet4
beggar	cet4
begin	cet4
beginning	cet4
behalf	cet4
behave	cet4
behavior	cet4
behavioral	cet4
behind	cet4
being	cet4
belief	cet4
believe	cet4
bell	cet4
belly	cet4
belong	cet4
belongings	cet4
beloved	cet4
below	cet4
belt	cet4
bench	cet4
bend	cet4
beneath	cet4
beneficial	cet4
beneficiary	cet4
benefit	cet4
berry	cet4
beside	cet4
besides	cet4
best	cet4
best-seller	cet4
best-selling	cet4
bet	cet4
betray	cet4
betrayal	cet4
better	cet4
between	cet4
beverage	cet4
beyond	cet4
bias	cet4
bible	cet4
biblical	cet4
bicycle	cet4
bid	cet4
big	cet4
bike	cet4
bill	cet4
billion	cet4
billionaire	cet4
bin	cet4
bind	cet4
biochemical	cet4
biochemist	cet4
biochemistry	cet4
biographer	cet4
biographical	cet4
biography	cet4
biological	cet4
biologist	cet4
biology	cet4
biotechnology	cet4
bird	cet4
birth	cet4
birthday	cet4
biscuit	cet4
bit	cet4
bitch	cet4
bite	cet4
bitter	cet4
black	cet4
blackboard	cet4
blade	cet4
blame	cet4
blank	cet4
blanket	cet4
blast	cet4
bleed	cet4
blend	cet4
bless	cet4
blessing	cet4
blind	cet4
block	cet4
blog	cet4
blond	cet4
blood	cet4
bloody	cet4
bloom	cet4
blossom	cet4
blouse	cet4
blow	cet4
blue	cet4
blueprint	cet4
blur	cet4
board	cet4
boast	cet4
boastful	cet4
boat	cet4
bodily	cet4
body	cet4
boil	cet4
boiler	cet4
bold	cet4
bolt	cet4
bomb	cet4
bond	cet4
bondage	cet4
bone	cet4
bonus	cet4
bony	cet4
book	cet4
boom	cet4
boost	cet4
boot	cet4
booth	cet4
border	cet4
bore	cet4
boring	cet4
born	cet4
borrow	cet4
boss	cet4
both	cet4
bother	cet4
bottle	cet4
bottom	cet4
bounce	cet4
bound	cet4
boundary	cet4
bow	cet4
bowel	cet4
bowl	cet4
box	cet4
boxing	cet4
boy	cet4
bracket	cet4
brag	cet4
brain	cet4
brake	cet4
branch	cet4
brand	cet4
brand-new	cet4
brandy	cet4
brass	cet4
brave	cet4
bravery	cet4
bread	cet4
breadth	cet4
break	cet4
breakdown	cet4
breakfast	cet4
breakthrough	cet4
breast	cet4
breath	cet4
breathe	cet4
breed	cet4
breeze	cet4
bribe	cet4
bribery	cet4
brick	cet4
bride	cet4
bridegroom	cet4
bridge	cet4
brief	cet4
briefcase	cet4
briefing	cet4
bright	cet4
brighten	cet4
brilliance	cet4
brilliant	cet4
bring	cet4
broad	cet4
broadcast	cet4
broaden	cet4
brochure	cet4
broke	cet4
broker	cet4
broom	cet4
brother	cet4
brow	cet4
brown	cet4
browse	cet4
browser	cet4
brunch	cet4
brush	cet4
brutal	cet4
brutality	cet4
bubble	cet4
buck	cet4
bucket	cet4
buckle	cet4
bud	cet4
buddy	cet4
budget	cet4
budgetary	cet4
buffet	cet4
bug	cet4
build	cet4
building	cet4
bulb	cet4
bulk	cet4
bulky	cet4
bull	cet4
bullet	cet4
bulletin	cet4
bully	cet4
bump	cet4
bumper	cet4
bunch	cet4
bundle	cet4
burden	cet4
bureau	cet4
burger	cet4
burial	cet4
burn	cet4
burst	cet4
bury	cet4
bus	cet4
bush	cet4
bushy	cet4
business	cet4
businessman	cet4
busy	cet4
but	cet4
butcher	cet4
butter	cet4
butterfly	cet4
button	cet4
buy	cet4
buyer	cet4
by	cet4
bypass	cet4
bystander	cet4
cab	cet4
cabbage	cet4
cabin	cet4
cabinet	cet4
cable	cet4
cafe	cet4
cafeteria	cet4
cage	cet4
cake	cet4
calculate	cet4
calculating	cet4
calculation	cet4
calculator	cet4
calendar	cet4
calf	cet4
call	cet4
calling	cet4
calm	cet4
calorie	cet4
camel	cet4
camera	cet4
camp	cet4
campaign	cet4
campus	cet4
can	cet4
canal	cet4
cancel	cet4
cancellation	cet4
cancer	cet4
candidacy	cet4
candidate	cet4
candle	cet4
candy	cet4
cane	cet4
canteen	cet4
cap	cet4
capability	cet4
capable	cet4
capacity	cet4
capital	cet4
capitalism	cet4
capitalist	cet4
captain	cet4
capture	cet4
car	cet4
carbon	cet4
card	cet4
cardboard	cet4
care	cet4
career	cet4
careful	cet4
careless	cet4
cargo	cet4
carpenter	cet4
carpet	cet4
carriage	cet4
carrier	cet4
carrot	cet4
carry	cet4
cart	cet4
cartoon	cet4
cartoonist	cet4
case	cet4
cash	cet4
cashier	cet4
cast	cet4
castle	cet4
casual	cet4
cat	cet4
catalog	cet4
catch	cet4
category	cet4
cater	cet4
cattle	cet4
cause	cet4
caution	cet4
cautious	cet4
cave	cet4
cease	cet4
ceiling	cet4
celebrate	cet4
celebration	cet4
cell	cet4
cell-phone	cet4
cellar	cet4
celsius	cet4
cement	cet4
cent	cet4
center	cet4
centigrade	cet4
centimeter	cet4
central	cet4
centralize	cet4
century	cet4
cereal	cet4
ceremonial	cet4
ceremony	cet4
certain	cet4
certainly	cet4
certainty	cet4
certificate	cet4
chain	cet4
chair	cet4
chairman	cet4
chairperson	cet4
chalk	cet4
challenge	cet4
challenging	cet4
champagne	cet4
champion	cet4
championship	cet4
chance	cet4
change	cet4
channel	cet4
chaos	cet4
chaotic	cet4
chapter	cet4
character	cet4
characteristic	cet4
characterize	cet4
charge	cet4
charitable	cet4
charity	cet4
charm	cet4
charming	cet4
chart	cet4
charter	cet4
chase	cet4
chat	cet4
cheap	cet4
cheat	cet4
check	cet4
cheek	cet4
cheer	cet4
cheerful	cet4
cheese	cet4
chef	cet4
chemical	cet4
chemist	cet4
chemistry	cet4
cheque	cet4
cherish	cet4
chess	cet4
chest	cet4
chew	cet4
chicken	cet4
chief	cet4
child	cet4
childish	cet4
chill	cet4
chilly	cet4
chimney	cet4
chin	cet4
china	cet4
chip	cet4
chocolate	cet4
choice	cet4
choke	cet4
cholesterol	cet4
choose	cet4
choosy	cet4
chop	cet4
chopstick	cet4
chore	cet4
chorus	cet4
christ	cet4
christian	cet4
christianity	cet4
christmas	cet4
church	cet4
cigar	cet4
cigaret	cet4
cinema	cet4
circle	cet4
circuit	cet4
circular	cet4
circulate	cet4
circulation	cet4
circumstance	cet4
circus	cet4
citation	cet4
cite	cet4
citizen	cet4
citizenship	cet4
city	cet4
civil	cet4
civilian	cet4
civilization	cet4
civilize	cet4
claim	cet4
clap	cet4
clarification	cet4
clarify	cet4
clarity	cet4
clash	cet4
class	cet4
classic	cet4
classical	cet4
classification	cet4
classified	cet4
classify	cet4
classmate	cet4
classroom	cet4
clause	cet4
claw	cet4
clay	cet4
clean	cet4
clear	cet4
clear-cut	cet4
clearly	cet4
clerical	cet4
clerk	cet4
clever	cet4
click	cet4
client	cet4
cliff	cet4
climate	cet4
climatic	cet4
climax	cet4
climb	cet4
cling	cet4
clinic	cet4
clinical	cet4
clip	cet4
clock	cet4
clockwise	cet4
clone	cet4
close	cet4
cloth	cet4
clothe	cet4
clothes	cet4
clothing	cet4
cloud	cet4
cloudy	cet4
clown	cet4
club	cet4
clue	cet4
clumsy	cet4
coach	cet4
coal	cet4
coarse	cet4
coast	cet4
coastal	cet4
coat	cet4
cock	cet4
code	cet4
coffee	cet4
coherence	cet4
coherent	cet4
cohesion	cet4
cohesive	cet4
coil	cet4
coin	cet4
coinage	cet4
cold	cet4
collaborate	cet4
collaboration	cet4
collaborative	cet4
collapse	cet4
collar	cet4
colleague	cet4
collect	cet4
collection	cet4
collective	cet4
college	cet4
colon	cet4
colonial	cet4
colonialism	cet4
colonize	cet4
colony	cet4
color	cet4
colorful	cet4
column	cet4
columnist	cet4
comb	cet4
combat	cet4
combative	cet4
combination	cet4
combine	cet4
come	cet4
comedy	cet4
comfort	cet4
comfortable	cet4
comma	cet4
command	cet4
commander	cet4
commence	cet4
commencement	cet4
comment	cet4
commentary	cet4
commentator	cet4
commerce	cet4
commercial	cet4
commercialize	cet4
commission	cet4
commit	cet4
commitment	cet4
committee	cet4
commodity	cet4
common	cet4
commonplace	cet4
commune	cet4
communicate	cet4
communication	cet4
communicative	cet4
communism	cet4
communist	cet4
community	cet4
commute	cet4
commuter	cet4
compact	cet4
companion	cet4
companionship	cet4
company	cet4
comparable	cet4
comparative	cet4
compare	cet4
comparison	cet4
compass	cet4
compatibility	cet4
compatible	cet4
compel	cet4
compelling	cet4
compensate	cet4
compensation	cet4
compensatory	cet4
compete	cet4
competence	cet4
competent	cet4
competition	cet4
competitive	cet4
competitor	cet4
complain	cet4
complaint	cet4
complete	cet4
completion	cet4
complex	cet4
complexity	cet4
compliance	cet4
complicate	cet4
complicated	cet4
complication	cet4
comply	cet4
component	cet4
compose	cet4
composer	cet4
composition	cet4
compound	cet4
comprehend	cet4
comprehension	cet4
comprehensive	cet4
comprise	cet4
compromise	cet4
compulsory	cet4
computation	cet4
compute	cet4
computer	cet4
computerize	cet4
comrade	cet4
conceal	cet4
concealment	cet4
concentrate	cet4
concentration	cet4
concept	cet4
conceptual	cet4
concern	cet4
concerned	cet4
concerning	cet4
concert	cet4
concerted	cet4
conclude	cet4
conclusion	cet4
conclusive	cet4
concrete	cet4
condemn	cet4
condemnation	cet4
condensation	cet4
condense	cet4
condition	cet4
conditional	cet4
conditioner	cet4
conduct	cet4
conductor	cet4
conference	cet4
confess	cet4
confession	cet4
confidence	cet4
confident	cet4
confidential	cet4
confine	cet4
confinement	cet4
confirm	cet4
confirmation	cet4
conflict	cet4
conform	cet4
conformity	cet4
confront	cet4
confrontation	cet4
confucian	cet4
confucianism	cet4
confuse	cet4
confusion	cet4
congratulate	cet4
congratulation	cet4
congratulatory	cet4
congress	cet4
congressional	cet4
conjunction	cet4
connect	cet4
connection	cet4
conquer	cet4
conqueror	cet4
conquest	cet4
conscience	cet4
conscientious	cet4
conscious	cet4
consciousness	cet4
consensus	cet4
consent	cet4
consequence	cet4
consequent	cet4
consequently	cet4
conservative	cet4
consider	cet4
considerable	cet4
considerate	cet4
consideration	cet4
considering	cet4
consist	cet4
consistency	cet4
consistent	cet4
consolidate	cet4
consolidation	cet4
constant	cet4
constitute	cet4
constitution	cet4
constitutional	cet4
construct	cet4
construction	cet4
consult	cet4
consultant	cet4
consultation	cet4
consultative	cet4
consume	cet4
consumer	cet4
consumption	cet4
contact	cet4
contain	cet4
container	cet4
containment	cet4
contaminate	cet4
contamination	cet4
contemporary	cet4
contempt	cet4
contemptible	cet4
contend	cet4
content	cet4
contented	cet4
contention	cet4
contentious	cet4
contest	cet4
contestant	cet4
context	cet4
contextual	cet4
continent	cet4
continental	cet4
continual	cet4
continuation	cet4
continue	cet4
continuity	cet4
continuous	cet4
contract	cet4
contraction	cet4
contractor	cet4
contradict	cet4
contradiction	cet4
contradictory	cet4
contrary	cet4
contrast	cet4
contribute	cet4
contribution	cet4
contributor	cet4
control	cet4
controversial	cet4
controversy	cet4
convenience	cet4
convenient	cet4
convention	cet4
conventional	cet4
conversation	cet4
converse	cet4
conversion	cet4
convert	cet4
convertible	cet4
convey	cet4
conveyance	cet4
convince	cet4
convincing	cet4
cook	cet4
cooker	cet4
cookie	cet4
cool	cet4
cooperate	cet4
cooperation	cet4
cooperative	cet4
coordinate	cet4
coordination	cet4
coordinator	cet4
cop	cet4
cope	cet4
copper	cet4
copy	cet4
copyright	cet4
cord	cet4
core	cet4
corn	cet4
corner	cet4
cornerstone	cet4
corporate	cet4
corporation	cet4
corps	cet4
correct	cet4
correction	cet4
corrective	cet4
correspond	cet4
correspondence	cet4
correspondent	cet4
corresponding	cet4
corridor	cet4
corrupt	cet4
corruption	cet4
cosmic	cet4
cosmos	cet4
cost	cet4
costly	cet4
costume	cet4
cottage	cet4
cotton	cet4
couch	cet4
cough	cet4
could	cet4
council	cet4
councilor	cet4
counsel	cet4
counselor	cet4
count	cet4
countdown	cet4
counter	cet4
counterpart	cet4
country	cet4
countryside	cet4
county	cet4
couple	cet4
coupon	cet4
courage	cet4
courageous	cet4
course	cet4
court	cet4
courtyard	cet4
cousin	cet4
cover	cet4
coverage	cet4
cow	cet4
coward	cet4
cowardice	cet4
cowardly	cet4
cowboy	cet4
crab	cet4
crack	cet4
cracker	cet4
craft	cet4
crane	cet4
crash	cet4
crawl	cet4
craze	cet4
crazy	cet4
cream	cet4
creamy	cet4
create	cet4
creation	cet4
creative	cet4
creator	cet4
creature	cet4
credit	cet4
creditable	cet4
creep	cet4
crew	cet4
crime	cet4
criminal	cet4
crisis	cet4
criterion	cet4
critic	cet4
critical	cet4
criticism	cet4
criticize	cet4
crocodile	cet4
crop	cet4
cross	cet4
crossing	cet4
crowd	cet4
crowded	cet4
crown	cet4
crucial	cet4
cruel	cet4
cruelty	cet4
cruise	cet4
cruiser	cet4
crush	cet4
cry	cet4
crystal	cet4
cube	cet4
cubic	cet4
cucumber	cet4
cue	cet4
cultivate	cet4
cultivation	cet4
cultural	cet4
culture	cet4
cup	cet4
cupboard	cet4
curable	cet4
curb	cet4
cure	cet4
curiosity	cet4
curious	cet4
curl	cet4
currency	cet4
current	cet4
currently	cet4
curriculum	cet4
curse	cet4
curtain	cet4
curve	cet4
cushion	cet4
custom	cet4
customary	cet4
customer	cet4
customs	cet4
cut	cet4
cute	cet4
cyberspace	cet4
cycle	cet4
cycling	cet4
cyclist	cet4
dad	cet4
daily	cet4
dairy	cet4
dam	cet4
damage	cet4
damn	cet4
damp	cet4
dampen	cet4
dance	cet4
danger	cet4
dangerous	cet4
dare	cet4
daring	cet4
dark	cet4
darken	cet4
darkness	cet4
darling	cet4
dash	cet4
data	cet4
database	cet4
date	cet4
dating	cet4
datum	cet4
daughter	cet4
dawn	cet4
day	cet4
daylight	cet4
dead	cet4
deadline	cet4
deadly	cet4
deaf	cet4
deal	cet4
dealer	cet4
dealing	cet4
dean	cet4
dear	cet4
death	cet4
debate	cet4
debt	cet4
debtor	cet4
decade	cet4
decay	cet4
deceit	cet4
deceive	cet4
december	cet4
decent	cet4
deception	cet4
deceptive	cet4
decide	cet4
decision	cet4
decisive	cet4
deck	cet4
declaration	cet4
declarative	cet4
declare	cet4
decline	cet4
decorate	cet4
decoration	cet4
decorative	cet4
decrease	cet4
deed	cet4
deem	cet4
deep	cet4
deeply	cet4
deer	cet4
defeat	cet4
defect	cet4
defection	cet4
defective	cet4
defend	cet4
defendant	cet4
defense	cet4
defensive	cet4
defiance	cet4
defiant	cet4
deficiency	cet4
deficient	cet4
deficit	cet4
define	cet4
definite	cet4
definitely	cet4
definition	cet4
defy	cet4
degree	cet4
delay	cet4
delegate	cet4
delegation	cet4
delete	cet4
deletion	cet4
deliberate	cet4
deliberation	cet4
delicate	cet4
delicious	cet4
delight	cet4
delightful	cet4
deliver	cet4
delivery	cet4
demand	cet4
demanding	cet4
demo	cet4
democracy	cet4
democrat	cet4
democratic	cet4
demonstrate	cet4
demonstration	cet4
demonstrative	cet4
denial	cet4
dense	cet4
density	cet4
dent	cet4
dental	cet4
dentist	cet4
deny	cet4
depart	cet4
department	cet4
departure	cet4
depend	cet4
dependable	cet4
dependence	cet4
dependent	cet4
deposit	cet4
depress	cet4
depression	cet4
deprivation	cet4
deprive	cet4
depth	cet4
deputy	cet4
derivation	cet4
derivative	cet4
derive	cet4
descend	cet4
descendant	cet4
descent	cet4
describe	cet4
description	cet4
descriptive	cet4
desert	cet4
desertion	cet4
deserve	cet4
design	cet4
designer	cet4
desirability	cet4
desirable	cet4
desire	cet4
desirous	cet4
desk	cet4
desktop	cet4
despair	cet4
despatch	cet4
desperate	cet4
despite	cet4
dessert	cet4
destination	cet4
destroy	cet4
destruction	cet4
destructive	cet4
detail	cet4
detailed	cet4
detect	cet4
detection	cet4
detective	cet4
deteriorate	cet4
deterioration	cet4
determination	cet4
determine	cet4
determined	cet4
develop	cet4
developer	cet4
development	cet4
developmental	cet4
device	cet4
devil	cet4
devise	cet4
devote	cet4
devotion	cet4
dew	cet4
diabetes	cet4
diagnose	cet4
diagnosis	cet4
diagram	cet4
dial	cet4
dialect	cet4
dialog	cet4
diameter	cet4
diamond	cet4
diary	cet4
dictate	cet4
dictation	cet4
dictator	cet4
dictionary	cet4
die	cet4
diet	cet4
dietary	cet4
differ	cet4
difference	cet4
different	cet4
difficult	cet4
difficulty	cet4
dig	cet4
digest	cet4
digestion	cet4
digestive	cet4
digit	cet4
digital	cet4
dignify	cet4
dignity	cet4
dilemma	cet4
diligence	cet4
diligent	cet4
dim	cet4
dime	cet4
dimension	cet4
dimensional	cet4
dine	cet4
diner	cet4
dinner	cet4
dioxide	cet4
dip	cet4
diploma	cet4
diplomacy	cet4
diplomat	cet4
diplomatic	cet4
direct	cet4
direction	cet4
director	cet4
dirt	cet4
dirty	cet4
disability	cet4
disable	cet4
disabled	cet4
disagree	cet4
disagreement	cet4
disappear	cet4
disappearance	cet4
disappoint	cet4
disappointing	cet4
disappointment	cet4
disapproval	cet4
disapprove	cet4
disaster	cet4
disastrous	cet4
disc	cet4
discard	cet4
discharge	cet4
disciplinary	cet4
discipline	cet4
disciplined	cet4
disco	cet4
discount	cet4
discourage	cet4
discover	cet4
discovery	cet4
discriminate	cet4
discrimination	cet4
discriminatory	cet4
discuss	cet4
discussion	cet4
disease	cet4
disguise	cet4
disgust	cet4
disgusting	cet4
dish	cet4
disintegrate	cet4
disintegration	cet4
disk	cet4
dislike	cet4
dismiss	cet4
dismissal	cet4
disorder	cet4
display	cet4
disposal	cet4
dispose	cet4
disputable	cet4
dispute	cet4
disrupt	cet4
disruption	cet4
disruptive	cet4
dissolve	cet4
distance	cet4
distant	cet4
distinct	cet4
distinction	cet4
distinctive	cet4
distinguish	cet4
distinguishable	cet4
distract	cet4
distraction	cet4
distress	cet4
distressful	cet4
distribute	cet4
distribution	cet4
distributive	cet4
district	cet4
disturb	cet4
disturbance	cet4
ditch	cet4
dive	cet4
diverse	cet4
diversify	cet4
diversity	cet4
divide	cet4
division	cet4
divisive	cet4
divorce	cet4
dizzy	cet4
do	cet4
dock	cet4
doctor	cet4
doctoral	cet4
doctorate	cet4
document	cet4
documentary	cet4
dog	cet4
doll	cet4
dollar	cet4
dolphin	cet4
domestic	cet4
dominance	cet4
dominant	cet4
dominate	cet4
domination	cet4
donate	cet4
donation	cet4
donkey	cet4
donor	cet4
doom	cet4
door	cet4
dorm	cet4
dormitory	cet4
dosage	cet4
dose	cet4
dot	cet4
double	cet4
doubt	cet4
doubtful	cet4
doubtless	cet4
dove	cet4
down	cet4
download	cet4
downstairs	cet4
downtown	cet4
downward	cet4
downwards	cet4
dozen	cet4
draft	cet4
drag	cet4
dragon	cet4
drain	cet4
drainage	cet4
drama	cet4
dramatic	cet4
dramatically	cet4
drastic	cet4
drastically	cet4
draw	cet4
drawer	cet4
drawing	cet4
dream	cet4
dreamy	cet4
dress	cet4
drift	cet4
drill	cet4
drink	cet4
drip	cet4
drive	cet4
driver	cet4
drop	cet4
dropout	cet4
drought	cet4
drown	cet4
drug	cet4
drum	cet4
drunk	cet4
drunkard	cet4
drunken	cet4
dry	cet4
dryer	cet4
dual	cet4
duck	cet4
due	cet4
dull	cet4
duly	cet4
dumb	cet4
dump	cet4
durability	cet4
durable	cet4
duration	cet4
during	cet4
dusk	cet4
dust	cet4
dusty	cet4
duty	cet4
dy	cet4
dye	cet4
dying	cet4
dynamic	cet4
dynamics	cet4
dynasty	cet4
e	cet4
each	cet4
eager	cet4
eagle	cet4
ear	cet4
early	cet4
earn	cet4
earnest	cet4
earnings	cet4
earth	cet4
earthquake	cet4
ease	cet4
easily	cet4
east	cet4
eastern	cet4
easy	cet4
easy-going	cet4
eat	cet4
echo	cet4
ecological	cet4
ecology	cet4
economic	cet4
economical	cet4
economics	cet4
economist	cet4
economy	cet4
edge	cet4
edit	cet4
edition	cet4
editor	cet4
editorial	cet4
educate	cet4
education	cet4
educational	cet4
educator	cet4
effect	cet4
effective	cet4
efficiency	cet4
efficient	cet4
effort	cet4
egg	cet4
eggplant	cet4
eight	cet4
eighteen	cet4
eighth	cet4
eighty	cet4
either	cet4
elbow	cet4
elder	cet4
elderly	cet4
elect	cet4
election	cet4
elective	cet4
electric	cet4
electrician	cet4
electricity	cet4
electron	cet4
electronic	cet4
electronically	cet4
electronics	cet4
elegance	cet4
elegant	cet4
element	cet4
elementary	cet4
elephant	cet4
elevate	cet4
elevation	cet4
elevator	cet4
eleven	cet4
eliminate	cet4
elimination	cet4
elite	cet4
else	cet4
elsewhere	cet4
email	cet4
ematics	cet4
embarrass	cet4
embarrassment	cet4
embassy	cet4
embrace	cet4
emerge	cet4
emergence	cet4
emergency	cet4
emission	cet4
emit	cet4
emotion	cet4
emotional	cet4
emperor	cet4
emphasis	cet4
emphasize	cet4
emphatic	cet4
empire	cet4
employ	cet4
employee	cet4
employer	cet4
employment	cet4
empress	cet4
emptiness	cet4
empty	cet4
enable	cet4
encounter	cet4
encourage	cet4
encouragement	cet4
encouraging	cet4
end	cet4
endanger	cet4
ending	cet4
endless	cet4
endurance	cet4
endure	cet4
enemy	cet4
energetic	cet4
energetically	cet4
energy	cet4
enforce	cet4
enforcement	cet4
engage	cet4
engagement	cet4
engine	cet4
engineer	cet4
engineering	cet4
enhance	cet4
enhancement	cet4
enjoy	cet4
enjoyable	cet4
enjoyment	cet4
enlarge	cet4
enlighten	cet4
enlightening	cet4
enlightenment	cet4
enormous	cet4
enough	cet4
enquire	cet4
enquiry	cet4
enrich	cet4
enrol	cet4
enrolment	cet4
ensure	cet4
enter	cet4
enterprise	cet4
enterprising	cet4
entertain	cet4
entertaining	cet4
entertainment	cet4
enthusiasm	cet4
enthusiast	cet4
enthusiastic	cet4
enthusiastically	cet4
entire	cet4
entirety	cet4
entitle	cet4
entrance	cet4
entrepreneur	cet4
entrepreneurial	cet4
entry	cet4
envelope	cet4
envious	cet4
environment	cet4
environmental	cet4
environmentalist	cet4
envy	cet4
episode	cet4
equal	cet4
equality	cet4
equally	cet4
equip	cet4
equipment	cet4
equivalence	cet4
equivalent	cet4
era	cet4
erase	cet4
eraser	cet4
err	cet4
erroneous	cet4
error	cet4
escape	cet4
especially	cet4
essay	cet4
essayist	cet4
essence	cet4
essential	cet4
establish	cet4
establishment	cet4
estate	cet4
estimate	cet4
estimation	cet4
eternal	cet4
eternity	cet4
ethic	cet4
ethics	cet4
ethnic	cet4
euro	cet4
evaluate	cet4
evaluation	cet4
eve	cet4
even	cet4
evening	cet4
evenly	cet4
event	cet4
eventful	cet4
eventual	cet4
eventuality	cet4
eventually	cet4
ever	cet4
every	cet4
everybody	cet4
everyday	cet4
everyone	cet4
everything	cet4
everywhere	cet4
evidence	cet4
evident	cet4
evil	cet4
evolution	cet4
evolutionary	cet4
evolve	cet4
exact	cet4
exaggerate	cet4
exaggeration	cet4
exam	cet4
examine	cet4
examinee	cet4
examiner	cet4
example	cet4
exceed	cet4
exceedingly	cet4
excel	cet4
excellence	cet4
excellent	cet4
except	cet4
exception	cet4
exceptional	cet4
excess	cet4
excessive	cet4
exchange	cet4
excite	cet4
excitement	cet4
exciting	cet4
exclaim	cet4
exclamation	cet4
exclamatory	cet4
exclude	cet4
exclusion	cet4
exclusive	cet4
excursion	cet4
excuse	cet4
execute	cet4
execution	cet4
executive	cet4
exemplary	cet4
exemplify	cet4
exercise	cet4
exert	cet4
exertion	cet4
exhaust	cet4
exhaustion	cet4
exhaustive	cet4
exhibit	cet4
exhibition	cet4
exile	cet4
exist	cet4
existence	cet4
existent	cet4
existing	cet4
exit	cet4
expand	cet4
expansion	cet4
expansive	cet4
expect	cet4
expectancy	cet4
expectation	cet4
expel	cet4
expend	cet4
expenditure	cet4
expense	cet4
expensive	cet4
experience	cet4
experienced	cet4
experiment	cet4
experimental	cet4
expert	cet4
expertise	cet4
explain	cet4
explanation	cet4
explanatory	cet4
explicit	cet4
explode	cet4
exploit	cet4
exploitation	cet4
exploration	cet4
explore	cet4
explosion	cet4
explosive	cet4
export	cet4
exportation	cet4
expose	cet4
exposure	cet4
express	cet4
expression	cet4
expressive	cet4
expressway	cet4
extend	cet4
extended	cet4
extension	cet4
extensive	cet4
extent	cet4
exterior	cet4
external	cet4
extinguish	cet4
extra	cet4
extraordinary	cet4
extreme	cet4
extremity	cet4
eye	cet4
eyebrow	cet4
eyesight	cet4
fable	cet4
fabric	cet4
face	cet4
facial	cet4
facilitate	cet4
facilitation	cet4
facility	cet4
fact	cet4
factor	cet4
factory	cet4
factual	cet4
faculty	cet4
fade	cet4
fail	cet4
failure	cet4
faint	cet4
fair	cet4
fairly	cet4
fairy	cet4
faith	cet4
faithful	cet4
fake	cet4
fall	cet4
false	cet4
falsehood	cet4
fame	cet4
familiar	cet4
familiarity	cet4
familiarize	cet4
family	cet4
famine	cet4
famous	cet4
fan	cet4
fancy	cet4
fantastic	cet4
fantasy	cet4
far	cet4
fare	cet4
farewell	cet4
farm	cet4
farmer	cet4
farming	cet4
farther	cet4
fascinate	cet4
fascinating	cet4
fascination	cet4
fashion	cet4
fashionable	cet4
fast	cet4
fasten	cet4
fat	cet4
fatal	cet4
fatality	cet4
fate	cet4
father	cet4
fatherly	cet4
fatigue	cet4
fault	cet4
faulty	cet4
favor	cet4
favorable	cet4
favorite	cet4
fax	cet4
fear	cet4
fearful	cet4
feasibility	cet4
feasible	cet4
feather	cet4
feature	cet4
february	cet4
federal	cet4
federation	cet4
fee	cet4
feed	cet4
feedback	cet4
feel	cet4
feeling	cet4
fellow	cet4
fellowship	cet4
female	cet4
fence	cet4
ferry	cet4
fertile	cet4
fertility	cet4
fertilizer	cet4
festival	cet4
fetch	cet4
fever	cet4
feverish	cet4
few	cet4
fiber	cet4
fiction	cet4
fictional	cet4
field	cet4
fierce	cet4
fifteen	cet4
fifth	cet4
fifty	cet4
fight	cet4
figurative	cet4
figure	cet4
file	cet4
fill	cet4
filling	cet4
film	cet4
filter	cet4
final	cet4
finalize	cet4
finally	cet4
finance	cet4
financial	cet4
find	cet4
finding	cet4
fine	cet4
finger	cet4
fingerprint	cet4
finish	cet4
fire	cet4
fireman	cet4
fireplace	cet4
fireworks	cet4
firm	cet4
first	cet4
firstly	cet4
fish	cet4
fisherman	cet4
fishing	cet4
fist	cet4
fit	cet4
five	cet4
fix	cet4
fixation	cet4
fixed	cet4
fixture	cet4
flag	cet4
flame	cet4
flash	cet4
flat	cet4
flavor	cet4
flaw	cet4
flawless	cet4
flee	cet4
fleet	cet4
flesh	cet4
flexibility	cet4
flexible	cet4
flight	cet4
float	cet4
flock	cet4
flood	cet4
floor	cet4
flour	cet4
flourish	cet4
flow	cet4
flower	cet4
flu	cet4
fluctuate	cet4
fluctuation	cet4
fluency	cet4
fluent	cet4
fluid	cet4
fly	cet4
focus	cet4
fog	cet4
foggy	cet4
fold	cet4
folk	cet4
follow	cet4
following	cet4
fond	cet4
food	cet4
fool	cet4
foolish	cet4
foot	cet4
football	cet4
footprint	cet4
for	cet4
forbid	cet4
force	cet4
forceful	cet4
forecast	cet4
forehead	cet4
foreign	cet4
foreigner	cet4
foremost	cet4
foresee	cet4
foreseeable	cet4
foresight	cet4
forest	cet4
forestry	cet4
forever	cet4
forge	cet4
forgery	cet4
forget	cet4
forgetful	cet4
forgettable	cet4
forgive	cet4
forgiving	cet4
fork	cet4
form	cet4
formal	cet4
formality	cet4
format	cet4
formation	cet4
former	cet4
formula	cet4
formulate	cet4
formulation	cet4
forth	cet4
forthcoming	cet4
fortunate	cet4
fortune	cet4
forty	cet4
forum	cet4
forward	cet4
fossil	cet4
found	cet4
foundation	cet4
founder	cet4
founding	cet4
fountain	cet4
four	cet4
fourteen	cet4
fox	cet4
fraction	cet4
fragment	cet4
fragmentary	cet4
fragmentation	cet4
frame	cet4
framework	cet4
frank	cet4
free	cet4
freedom	cet4
freeway	cet4
freeze	cet4
freight	cet4
frequency	cet4
frequent	cet4
fresh	cet4
freshman	cet4
friday	cet4
fridge	cet4
friend	cet4
friendly	cet4
friendship	cet4
fright	cet4
frighten	cet4
frog	cet4
from	cet4
front	cet4
frontier	cet4
frost	cet4
frosty	cet4
fruit	cet4
fruitful	cet4
frustrate	cet4
frustrating	cet4
frustration	cet4
fry	cet4
fuck	cet4
fuel	cet4
fulfil	cet4
fulfilment	cet4
full	cet4
fun	cet4
function	cet4
functional	cet4
fund	cet4
fundamental	cet4
funding	cet4
funeral	cet4
funny	cet4
fur	cet4
furnace	cet4
furnish	cet4
furniture	cet4
further	cet4
furthermore	cet4
fuss	cet4
future	cet4
g	cet4
gadget	cet4
gadgetry	cet4
gain	cet4
gallery	cet4
gallon	cet4
gamble	cet4
game	cet4
gang	cet4
gangster	cet4
gaol	cet4
gap	cet4
garage	cet4
garbage	cet4
garden	cet4
gardener	cet4
gardening	cet4
garment	cet4
gas	cet4
gasoline	cet4
gate	cet4
gather	cet4
gathering	cet4
gay	cet4
gaze	cet4
gear	cet4
gender	cet4
gene	cet4
general	cet4
generalize	cet4
generally	cet4
generate	cet4
generation	cet4
generator	cet4
generosity	cet4
generous	cet4
genetic	cet4
genetically	cet4
genius	cet4
gentle	cet4
gentleman	cet4
genuine	cet4
geographic	cet4
geographically	cet4
geography	cet4
geological	cet4
geologically	cet4
geology	cet4
geometric	cet4
geometrically	cet4
geometry	cet4
germ	cet4
gesture	cet4
get	cet4
ghost	cet4
giant	cet4
gift	cet4
gifted	cet4
gigantic	cet4
girl	cet4
give	cet4
given	cet4
glad	cet4
glance	cet4
glass	cet4
glimpse	cet4
global	cet4
globalize	cet4
globe	cet4
gloom	cet4
gloomy	cet4
glorious	cet4
glory	cet4
glove	cet4
glow	cet4
glue	cet4
go	cet4
goal	cet4
goat	cet4
god	cet4
gold	cet4
golden	cet4
golf	cet4
good	cet4
goodbye	cet4
goodness	cet4
goods	cet4
goose	cet4
gorgeous	cet4
gossip	cet4
govern	cet4
government	cet4
governor	cet4
gown	cet4
grab	cet4
grace	cet4
graceful	cet4
gracious	cet4
grade	cet4
gradual	cet4
gradually	cet4
graduate	cet4
graduation	cet4
grain	cet4
gram	cet4
grammar	cet4
grammatical	cet4
grand	cet4
grandchild	cet4
grandchildren	cet4
granddaughter	cet4
grandfather	cet4
grandmother	cet4
grandparent	cet4
grandson	cet4
grant	cet4
granted	cet4
grape	cet4
graph	cet4
graphic	cet4
graphically	cet4
grasp	cet4
grass	cet4
grassy	cet4
grateful	cet4
gratitude	cet4
grave	cet4
gravitation	cet4
gravity	cet4
gray	cet4
great	cet4
green	cet4
greenhouse	cet4
greet	cet4
greeting	cet4
grey	cet4
grief	cet4
grieve	cet4
grievous	cet4
grin	cet4
grind	cet4
grip	cet4
grocer	cet4
grocery	cet4
gross	cet4
ground	cet4
group	cet4
grow	cet4
growth	cet4
guarantee	cet4
guard	cet4
guardian	cet4
guess	cet4
guest	cet4
guidance	cet4
guide	cet4
guideline	cet4
guilt	cet4
guilty	cet4
guitar	cet4
guitarist	cet4
gulf	cet4
gum	cet4
gun	cet4
gut	cet4
guy	cet4
gym	cet4
habit	cet4
habitat	cet4
habitual	cet4
hack	cet4
hacker	cet4
hail	cet4
hair	cet4
hairy	cet4
half	cet4
halfway	cet4
hall	cet4
halt	cet4
ham	cet4
hamburger	cet4
hammer	cet4
hand	cet4
handbook	cet4
handful	cet4
handicap	cet4
handicapped	cet4
handle	cet4
handsome	cet4
handwriting	cet4
handy	cet4
hang	cet4
happen	cet4
happily	cet4
happiness	cet4
happy	cet4
harbor	cet4
hard	cet4
harden	cet4
hardly	cet4
hardship	cet4
hardware	cet4
harm	cet4
harmful	cet4
harmless	cet4
harmonious	cet4
harmony	cet4
harness	cet4
harsh	cet4
harvest	cet4
haste	cet4
hasten	cet4
hasty	cet4
hat	cet4
hatch	cet4
hate	cet4
hateful	cet4
hatred	cet4
haul	cet4
haunt	cet4
have	cet4
hay	cet4
hazard	cet4
hazardous	cet4
haze	cet4
hazy	cet4
he	cet4
head	cet4
headache	cet4
heading	cet4
headline	cet4
headmaster	cet4
headmistress	cet4
headquarters	cet4
heal	cet4
health	cet4
healthful	cet4
healthy	cet4
heap	cet4
hear	cet4
hearing	cet4
heart	cet4
heartfelt	cet4
hearty	cet4
heat	cet4
heated	cet4
heating	cet4
heaven	cet4
heavy	cet4
hectare	cet4
hedge	cet4
heel	cet4
height	cet4
heighten	cet4
heir	cet4
heiress	cet4
helicopter	cet4
hell	cet4
hello	cet4
help	cet4
helpful	cet4
helpless	cet4
helplessly	cet4
hen	cet4
hence	cet4
her	cet4
herd	cet4
here	cet4
hereby	cet4
heritage	cet4
hero	cet4
heroic	cet4
heroine	cet4
heroism	cet4
hers	cet4
herself	cet4
hesitant	cet4
hesitate	cet4
hesitation	cet4
hi	cet4
hide	cet4
hiding	cet4
high	cet4
high-tech	cet4
highlight	cet4
highly	cet4
highway	cet4
hijack	cet4
hill	cet4
hilly	cet4
him	cet4
himself	cet4
hinder	cet4
hindrance	cet4
hint	cet4
hip	cet4
hire	cet4
his	cet4
historian	cet4
historic	cet4
historical	cet4
history	cet4
hit	cet4
hobby	cet4
hold	cet4
hole	cet4
holiday	cet4
holiness	cet4
hollow	cet4
holy	cet4
home	cet4
homeland	cet4
homeless	cet4
homely	cet4
homework	cet4
homo	cet4
homosexual	cet4
honest	cet4
honesty	cet4
honey	cet4
honeymoon	cet4
honor	cet4
honorable	cet4
honorary	cet4
hook	cet4
hope	cet4
hopeful	cet4
hopeless	cet4
horizon	cet4
horizontal	cet4
horn	cet4
horrible	cet4
horrify	cet4
horror	cet4
horse	cet4
horsepower	cet4
hospitable	cet4
hospital	cet4
hospitality	cet4
hospitalize	cet4
host	cet4
hostess	cet4
hostile	cet4
hostility	cet4
hot	cet4
hotdog	cet4
hotel	cet4
hour	cet4
hourly	cet4
house	cet4
household	cet4
housewife	cet4
housework	cet4
housing	cet4
how	cet4
however	cet4
hug	cet4
huge	cet4
human	cet4
humanity	cet4
humble	cet4
humbly	cet4
humor	cet4
humorous	cet4
hundred	cet4
hunger	cet4
hungry	cet4
hunt	cet4
hunter	cet4
hunting	cet4
hurriedly	cet4
hurry	cet4
hurt	cet4
hurtful	cet4
husband	cet4
hut	cet4
hydrogen	cet4
hyphen	cet4
i	cet4
ice	cet4
ice-cream	cet4
icy	cet4
idea	cet4
ideal	cet4
idealism	cet4
idealistic	cet4
identical	cet4
identification	cet4
identify	cet4
identity	cet4
idiom	cet4
idiomatic	cet4
idle	cet4
idly	cet4
if	cet4
ignorance	cet4
ignorant	cet4
ignore	cet4
ill	cet4
illegal	cet4
illness	cet4
illusion	cet4
illusory	cet4
illustrate	cet4
illustration	cet4
illustrative	cet4
image	cet4
imaginary	cet4
imagination	cet4
imaginative	cet4
imagine	cet4
imaging	cet4
imitate	cet4
imitation	cet4
imitative	cet4
immediate	cet4
immediately	cet4
immense	cet4
immensely	cet4
immensity	cet4
immigrant	cet4
immigrate	cet4
immigration	cet4
immune	cet4
immunity	cet4
immunize	cet4
impact	cet4
impatience	cet4
impatient	cet4
imperial	cet4
imperialism	cet4
imperialist	cet4
implement	cet4
implementation	cet4
implication	cet4
implicit	cet4
imply	cet4
import	cet4
importance	cet4
important	cet4
importation	cet4
impose	cet4
imposing	cet4
imposition	cet4
impossibility	cet4
impossible	cet4
impress	cet4
impression	cet4
impressive	cet4
improve	cet4
improvement	cet4
impulse	cet4
impulsive	cet4
in	cet4
ination	cet4
incentive	cet4
inch	cet4
incidence	cet4
incident	cet4
incidental	cet4
incidentally	cet4
inclination	cet4
incline	cet4
inclined	cet4
include	cet4
including	cet4
inclusion	cet4
inclusive	cet4
income	cet4
increase	cet4
increasingly	cet4
incredible	cet4
incredibly	cet4
indeed	cet4
independence	cet4
independent	cet4
index	cet4
indicate	cet4
indication	cet4
indicative	cet4
indicator	cet4
indifference	cet4
indifferent	cet4
indispensable	cet4
individual	cet4
individualism	cet4
indoor	cet4
indoors	cet4
induce	cet4
inducement	cet4
industrial	cet4
industrialize	cet4
industrious	cet4
industry	cet4
inevitable	cet4
infant	cet4
infect	cet4
infection	cet4
infectious	cet4
infer	cet4
inference	cet4
inferior	cet4
inferiority	cet4
infinite	cet4
infinitive	cet4
infinity	cet4
inflate	cet4
inflation	cet4
influence	cet4
influential	cet4
influenza	cet4
inform	cet4
informant	cet4
information	cet4
informative	cet4
infrastructure	cet4
ingredient	cet4
inhabit	cet4
inhabitant	cet4
inherit	cet4
inheritance	cet4
initial	cet4
initially	cet4
initiate	cet4
initiation	cet4
initiative	cet4
injure	cet4
injurious	cet4
injury	cet4
ink	cet4
inland	cet4
inn	cet4
inner	cet4
innocence	cet4
innocent	cet4
innovate	cet4
innovation	cet4
innovative	cet4
input	cet4
inquire	cet4
inquiry	cet4
inquisitive	cet4
insane	cet4
insanity	cet4
insect	cet4
insert	cet4
insertion	cet4
inside	cet4
insider	cet4
insight	cet4
insightful	cet4
insist	cet4
insistence	cet4
insistent	cet4
inspect	cet4
inspection	cet4
inspector	cet4
inspiration	cet4
inspirational	cet4
inspire	cet4
instal	cet4
instalation	cet4
instalment	cet4
instance	cet4
instant	cet4
instantaneous	cet4
instead	cet4
instinct	cet4
instinctive	cet4
institute	cet4
institution	cet4
institutional	cet4
instruct	cet4
instruction	cet4
instructive	cet4
instructor	cet4
instrument	cet4
instrumental	cet4
insult	cet4
insurance	cet4
insure	cet4
intact	cet4
intake	cet4
intangible	cet4
integrate	cet4
integration	cet4
integrity	cet4
intellectual	cet4
intelligence	cet4
intelligent	cet4
intend	cet4
intense	cet4
intensify	cet4
intensity	cet4
intensive	cet4
intent	cet4
intention	cet4
intentional	cet4
interact	cet4
interaction	cet4
interactive	cet4
interest	cet4
interested	cet4
interesting	cet4
interfere	cet4
interference	cet4
interior	cet4
intermediary	cet4
intermediate	cet4
internal	cet4
international	cet4
internet	cet4
interpret	cet4
interpretation	cet4
interpreter	cet4
interrupt	cet4
interruption	cet4
interval	cet4
interview	cet4
interviewee	cet4
interviewer	cet4
intimacy	cet4
intimate	cet4
into	cet4
introduce	cet4
introduction	cet4
introductory	cet4
intrude	cet4
intruder	cet4
intrusion	cet4
invade	cet4
invader	cet4
invalid	cet4
invaluable	cet4
invariably	cet4
invasion	cet4
invasive	cet4
invent	cet4
invention	cet4
inventor	cet4
invest	cet4
investigate	cet4
investigation	cet4
investigator	cet4
investment	cet4
investor	cet4
invisible	cet4
invitation	cet4
invite	cet4
inviting	cet4
involve	cet4
involved	cet4
involvement	cet4
inward	cet4
iron	cet4
ironic	cet4
ironically	cet4
irony	cet4
irrational	cet4
irregular	cet4
irrigate	cet4
irrigation	cet4
island	cet4
isolate	cet4
isolation	cet4
issue	cet4
it	cet4
item	cet4
its	cet4
itself	cet4
jacket	cet4
jail	cet4
jam	cet4
january	cet4
jar	cet4
jaw	cet4
jazz	cet4
jealous	cet4
jealousy	cet4
jeans	cet4
jeep	cet4
jet	cet4
jetlag	cet4
jewel	cet4
jewelery	cet4
job	cet4
jog	cet4
join	cet4
joint	cet4
joke	cet4
journal	cet4
journalism	cet4
journalist	cet4
journey	cet4
joy	cet4
joyful	cet4
joyous	cet4
judge	cet4
judgment	cet4
juice	cet4
juicy	cet4
july	cet4
jump	cet4
june	cet4
jungle	cet4
junior	cet4
junk	cet4
juror	cet4
jury	cet4
just	cet4
justice	cet4
justification	cet4
justify	cet4
keen	cet4
keep	cet4
kettle	cet4
key	cet4
keyboard	cet4
kick	cet4
kid	cet4
kill	cet4
kilo	cet4
kilogram	cet4
kilometer	cet4
kin	cet4
kind	cet4
kindergarten	cet4
kindness	cet4
king	cet4
kingdom	cet4
kiss	cet4
kit	cet4
kitchen	cet4
kite	cet4
knee	cet4
kneel	cet4
knife	cet4
knit	cet4
knock	cet4
knot	cet4
knotty	cet4
know	cet4
knowhow	cet4
knowledge	cet4
knowledgeable	cet4
l	cet4
lab	cet4
label	cet4
labor	cet4
laboratory	cet4
laborious	cet4
lace	cet4
lack	cet4
ladder	cet4
lady	cet4
lag	cet4
lake	cet4
lamb	cet4
lame	cet4
lamp	cet4
land	cet4
landing	cet4
landlady	cet4
landlord	cet4
landscape	cet4
lane	cet4
language	cet4
lap	cet4
laptop	cet4
large	cet4
largely	cet4
laser	cet4
lass	cet4
last	cet4
lastly	cet4
late	cet4
lately	cet4
later	cet4
latter	cet4
laugh	cet4
laughter	cet4
launch	cet4
laundry	cet4
lavatory	cet4
law	cet4
lawful	cet4
lawn	cet4
lawyer	cet4
lay	cet4
layer	cet4
layoff	cet4
layout	cet4
laziness	cet4
lazy	cet4
lead	cet4
leader	cet4
leadership	cet4
leading	cet4
leaf	cet4
league	cet4
leak	cet4
lean	cet4
leap	cet4
learn	cet4
learned	cet4
learner	cet4
learning	cet4
lease	cet4
least	cet4
leather	cet4
leave	cet4
lecture	cet4
lecturer	cet4
left	cet4
leftist	cet4
leg	cet4
legal	cet4
legalize	cet4
legend	cet4
legendary	cet4
legislate	cet4
legislation	cet4
legislative	cet4
legislator	cet4
leisure	cet4
leisurely	cet4
lemon	cet4
lemonade	cet4
lend	cet4
length	cet4
lengthy	cet4
lens	cet4
less	cet4
lesson	cet4
lest	cet4
let	cet4
letter	cet4
level	cet4
liability	cet4
liable	cet4
liar	cet4
liberal	cet4
liberate	cet4
liberation	cet4
liberty	cet4
librarian	cet4
library	cet4
license	cet4
lick	cet4
lid	cet4
lie	cet4
life	cet4
lift	cet4
light	cet4
lighting	cet4
lightning	cet4
like	cet4
likelihood	cet4
likely	cet4
likewise	cet4
lily	cet4
limb	cet4
limit	cet4
limitation	cet4
limited	cet4
line	cet4
linear	cet4
link	cet4
linkage	cet4
lion	cet4
lioness	cet4
lip	cet4
liquid	cet4
liquor	cet4
list	cet4
listen	cet4
listener	cet4
liter	cet4
literacy	cet4
literal	cet4
literally	cet4
literary	cet4
literate	cet4
literature	cet4
litter	cet4
little	cet4
live	cet4
livelihood	cet4
lively	cet4
liver	cet4
living	cet4
living-room	cet4
load	cet4
loaf	cet4
loan	cet4
lobby	cet4
lobbyist	cet4
local	cet4
locality	cet4
locate	cet4
location	cet4
lock	cet4
locker	cet4
lodge	cet4
lodging	cet4
log	cet4
logic	cet4
logical	cet4
logo	cet4
loneliness	cet4
lonely	cet4
long	cet4
look	cet4
loophole	cet4
loose	cet4
loosen	cet4
lord	cet4
lorry	cet4
lose	cet4
loss	cet4
lot	cet4
loud	cet4
loudly	cet4
love	cet4
lovely	cet4
lover	cet4
low	cet4
lower	cet4
loyal	cet4
loyalty	cet4
luck	cet4
lucky	cet4
luggage	cet4
lump	cet4
lunar	cet4
lunch	cet4
luncheon	cet4
lung	cet4
luxurious	cet4
luxury	cet4
machine	cet4
machinery	cet4
mad	cet4
madam	cet4
madden	cet4
magazine	cet4
magic	cet4
magical	cet4
magnet	cet4
magnetic	cet4
magnificence	cet4
magnificent	cet4
maid	cet4
maiden	cet4
mail	cet4
main	cet4
mainland	cet4
mainstream	cet4
maintain	cet4
maintenance	cet4
major	cet4
majority	cet4
make	cet4
makeup	cet4
male	cet4
mall	cet4
mammal	cet4
man	cet4
manage	cet4
management	cet4
manager	cet4
managerial	cet4
manhood	cet4
manipulate	cet4
manipulation	cet4
manipulative	cet4
mankind	cet4
manly	cet4
manner	cet4
manual	cet4
manufacture	cet4
manufacturer	cet4
many	cet4
map	cet4
marathon	cet4
march	cet4
margin	cet4
marginal	cet4
marine	cet4
marital	cet4
mark	cet4
market	cet4
marketing	cet4
marriage	cet4
marry	cet4
marsh	cet4
marshal	cet4
marvel	cet4
marvelous	cet4
marxism	cet4
marxist	cet4
mask	cet4
mass	cet4
massage	cet4
massive	cet4
master	cet4
masterpiece	cet4
mastery	cet4
mat	cet4
match	cet4
mate	cet4
material	cet4
materialism	cet4
materialist	cet4
materialize	cet4
math	cet4
mathematical	cet4
maths	cet4
matter	cet4
mature	cet4
maturity	cet4
maximal	cet4
maximize	cet4
maximum	cet4
may	cet4
maybe	cet4
mayor	cet4
me	cet4
meal	cet4
mean	cet4
meaning	cet4
meaningful	cet4
means	cet4
meantime	cet4
meanwhile	cet4
measurable	cet4
measure	cet4
measurement	cet4
meat	cet4
meaty	cet4
mechanic	cet4
mechanical	cet4
mechanics	cet4
mechanism	cet4
mechanization	cet4
mechanize	cet4
medal	cet4
media	cet4
medical	cet4
medicare	cet4
medicinal	cet4
medicine	cet4
medium	cet4
meet	cet4
meeting	cet4
melon	cet4
melt	cet4
member	cet4
membership	cet4
memo	cet4
memorandum	cet4
memorial	cet4
memorize	cet4
memory	cet4
mend	cet4
mental	cet4
mentality	cet4
mention	cet4
menu	cet4
merchant	cet4
merciful	cet4
mercy	cet4
mere	cet4
merely	cet4
merit	cet4
meritorious	cet4
merriment	cet4
merry	cet4
mess	cet4
message	cet4
messenger	cet4
messy	cet4
metal	cet4
metallic	cet4
meter	cet4
method	cet4
methodical	cet4
methodology	cet4
metric	cet4
metro	cet4
microphone	cet4
microscope	cet4
microscopic	cet4
microwavable	cet4
microwave	cet4
midday	cet4
middle	cet4
middle-class	cet4
midnight	cet4
might	cet4
mighty	cet4
migrant	cet4
migrate	cet4
migration	cet4
mild	cet4
mile	cet4
mileage	cet4
military	cet4
milk	cet4
milky	cet4
mill	cet4
millimeter	cet4
million	cet4
millionaire	cet4
mind	cet4
mine	cet4
mineral	cet4
minimal	cet4
minimize	cet4
minimum	cet4
mining	cet4
minister	cet4
ministerial	cet4
ministry	cet4
minor	cet4
minority	cet4
minus	cet4
minute	cet4
miracle	cet4
miraculous	cet4
mirror	cet4
miserable	cet4
misery	cet4
misfortune	cet4
mislead	cet4
misleading	cet4
miss	cet4
missile	cet4
missing	cet4
mission	cet4
mist	cet4
mistake	cet4
mistaken	cet4
mister	cet4
mistress	cet4
misty	cet4
misunderstand	cet4
misunderstanding	cet4
mix	cet4
mixer	cet4
mixture	cet4
mobile	cet4
mode	cet4
model	cet4
moderate	cet4
moderation	cet4
moderator	cet4
modern	cet4
modernization	cet4
modernize	cet4
modest	cet4
modesty	cet4
modification	cet4
modifier	cet4
modify	cet4
moist	cet4
moisture	cet4
mold	cet4
moldy	cet4
mom	cet4
moment	cet4
momentarily	cet4
momentary	cet4
monday	cet4
monetary	cet4
money	cet4
monitor	cet4
monkey	cet4
monster	cet4
monstrous	cet4
month	cet4
monthly	cet4
monument	cet4
monumental	cet4
mood	cet4
moody	cet4
moon	cet4
mop	cet4
moral	cet4
morality	cet4
more	cet4
moreover	cet4
morning	cet4
mortgage	cet4
most	cet4
mostly	cet4
motel	cet4
mother	cet4
motherly	cet4
motion	cet4
motivate	cet4
motivation	cet4
motive	cet4
motor	cet4
motorway	cet4
mount	cet4
mountain	cet4
mountainous	cet4
mounting	cet4
mouse	cet4
mouth	cet4
mouthful	cet4
move	cet4
movement	cet4
movie	cet4
much	cet4
mud	cet4
muddy	cet4
mug	cet4
mule	cet4
multiple	cet4
multiplication	cet4
multiply	cet4
municipal	cet4
municipality	cet4
murder	cet4
murderous	cet4
muscle	cet4
muscular	cet4
museum	cet4
mushroom	cet4
music	cet4
musical	cet4
musician	cet4
must	cet4
mutual	cet4
my	cet4
myself	cet4
mysterious	cet4
mystery	cet4
myth	cet4
mythical	cet4
mythology	cet4
nail	cet4
naked	cet4
name	cet4
namely	cet4
nap	cet4
napkin	cet4
narrate	cet4
narration	cet4
narrative	cet4
narrator	cet4
narrow	cet4
narrowly	cet4
nasium	cet4
nasty	cet4
nation	cet4
national	cet4
nationalism	cet4
nationalist	cet4
nationality	cet4
nationwide	cet4
native	cet4
natural	cet4
naturally	cet4
nature	cet4
naughty	cet4
naval	cet4
navy	cet4
near	cet4
nearby	cet4
nearly	cet4
neat	cet4
necessarily	cet4
necessary	cet4
necessitate	cet4
necessity	cet4
neck	cet4
necklace	cet4
need	cet4
needle	cet4
needy	cet4
negate	cet4
negation	cet4
negative	cet4
neglect	cet4
neglectful	cet4
negotiable	cet4
negotiate	cet4
negotiation	cet4
neighbor	cet4
neighborhood	cet4
neither	cet4
nephew	cet4
nerve	cet4
nervous	cet4
nest	cet4
net	cet4
network	cet4
networking	cet4
neutral	cet4
neutrality	cet4
neutralize	cet4
never	cet4
nevertheless	cet4
new	cet4
news	cet4
newspaper	cet4
next	cet4
nice	cet4
nicety	cet4
nickel	cet4
niece	cet4
night	cet4
nightly	cet4
nightmare	cet4
nine	cet4
nineteen	cet4
ninety	cet4
ninth	cet4
no	cet4
nobility	cet4
noble	cet4
nobody	cet4
nod	cet4
noise	cet4
noisy	cet4
none	cet4
nonsense	cet4
noodle	cet4
noon	cet4
nor	cet4
norm	cet4
normal	cet4
normalization	cet4
normalize	cet4
normally	cet4
north	cet4
northeast	cet4
northeastern	cet4
northern	cet4
northwest	cet4
northwestern	cet4
nose	cet4
nosy	cet4
not	cet4
notable	cet4
notation	cet4
note	cet4
notebook	cet4
nothing	cet4
notice	cet4
noticeable	cet4
notification	cet4
notify	cet4
notion	cet4
notional	cet4
noun	cet4
nourish	cet4
nourishment	cet4
novel	cet4
novelist	cet4
novelty	cet4
november	cet4
now	cet4
nowadays	cet4
nowhere	cet4
nuclear	cet4
nucleus	cet4
nude	cet4
nudity	cet4
nuisance	cet4
number	cet4
numerous	cet4
nurse	cet4
nursery	cet4
nut	cet4
nutrient	cet4
nutrition	cet4
obedience	cet4
obedient	cet4
obese	cet4
obesity	cet4
obey	cet4
object	cet4
objection	cet4
objective	cet4
obligation	cet4
obligatory	cet4
oblige	cet4
obliged	cet4
observant	cet4
observation	cet4
observe	cet4
observer	cet4
obstacle	cet4
obtain	cet4
obtainment	cet4
obvious	cet4
obviously	cet4
occasion	cet4
occasional	cet4
occasionally	cet4
occupancy	cet4
occupant	cet4
occupation	cet4
occupational	cet4
occupy	cet4
occur	cet4
occurrence	cet4
ocean	cet4
oceanic	cet4
october	cet4
odd	cet4
oddity	cet4
odds	cet4
odor	cet4
odorous	cet4
of	cet4
off	cet4
offend	cet4
offender	cet4
offense	cet4
offensive	cet4
offer	cet4
offering	cet4
office	cet4
officer	cet4
official	cet4
often	cet4
oftentimes	cet4
oil	cet4
oily	cet4
okay	cet4
old	cet4
old-fashioned	cet4
olympiad	cet4
olympic	cet4
olympics	cet4
omission	cet4
omit	cet4
on	cet4
once	cet4
one	cet4
oneself	cet4
ongoing	cet4
onion	cet4
online	cet4
only	cet4
onto	cet4
onward	cet4
open	cet4
opener	cet4
opening	cet4
openly	cet4
opera	cet4
operate	cet4
operation	cet4
operational	cet4
operator	cet4
opinion	cet4
opponent	cet4
opportunity	cet4
oppose	cet4
opposite	cet4
opposition	cet4
opt	cet4
optimism	cet4
optimist	cet4
optimistic	cet4
option	cet4
optional	cet4
or	cet4
oral	cet4
orange	cet4
orbit	cet4
orbital	cet4
orchestra	cet4
order	cet4
orderly	cet4
ordinary	cet4
ore	cet4
organ	cet4
organic	cet4
organism	cet4
organization	cet4
organizational	cet4
organize	cet4
orient	cet4
oriental	cet4
orientation	cet4
origin	cet4
original	cet4
originality	cet4
originate	cet4
ornament	cet4
ornamental	cet4
orphan	cet4
orphanage	cet4
other	cet4
otherwise	cet4
oughtto	cet4
ounce	cet4
our	cet4
ours	cet4
ourselves	cet4
out	cet4
outbreak	cet4
outcome	cet4
outdated	cet4
outdoor	cet4
outdoors	cet4
outer	cet4
outgoing	cet4
outing	cet4
outlet	cet4
outline	cet4
outlook	cet4
output	cet4
outset	cet4
outside	cet4
outsider	cet4
outskirts	cet4
outstanding	cet4
outward	cet4
outwards	cet4
oval	cet4
oven	cet4
over	cet4
overall	cet4
overcoat	cet4
overcome	cet4
overdue	cet4
overhead	cet4
overhear	cet4
overlook	cet4
overnight	cet4
overseas	cet4
oversee	cet4
oversight	cet4
overtake	cet4
overthrow	cet4
overtime	cet4
overwhelm	cet4
overwhelming	cet4
overwhelmingly	cet4
owe	cet4
owingto	cet4
own	cet4
owner	cet4
ownership	cet4
ox	cet4
oxygen	cet4
ozone	cet4
pace	cet4
pack	cet4
package	cet4
packet	cet4
pad	cet4
paddy	cet4
page	cet4
pain	cet4
painful	cet4
paint	cet4
painter	cet4
painting	cet4
pair	cet4
palace	cet4
pale	cet4
palm	cet4
pan	cet4
panda	cet4
panel	cet4
panic	cet4
pants	cet4
paper	cet4
paperback	cet4
parade	cet4
paradox	cet4
paradoxical	cet4
paragraph	cet4
parallel	cet4
parcel	cet4
pardon	cet4
parent	cet4
parental	cet4
parenting	cet4
park	cet4
parking	cet4
parliament	cet4
parliamentary	cet4
part	cet4
partial	cet4
partially	cet4
participant	cet4
participate	cet4
participation	cet4
particle	cet4
particular	cet4
particularly	cet4
partly	cet4
partner	cet4
partnership	cet4
party	cet4
pass	cet4
passage	cet4
passenger	cet4
passion	cet4
passionate	cet4
passive	cet4
passport	cet4
password	cet4
past	cet4
paste	cet4
pastime	cet4
pat	cet4
patch	cet4
patent	cet4
path	cet4
patience	cet4
patient	cet4
pattern	cet4
pause	cet4
pave	cet4
pavement	cet4
paw	cet4
pay	cet4
payment	cet4
payroll	cet4
pea	cet4
peace	cet4
peaceful	cet4
peach	cet4
peak	cet4
peanut	cet4
pear	cet4
pearl	cet4
peasant	cet4
peculiar	cet4
peculiarity	cet4
pedestrian	cet4
peer	cet4
pen	cet4
penalize	cet4
penalty	cet4
pencil	cet4
penetrate	cet4
penetration	cet4
penny	cet4
pension	cet4
pensioner	cet4
people	cet4
pepper	cet4
per	cet4
perceive	cet4
percent	cet4
percentage	cet4
perception	cet4
perceptive	cet4
perfect	cet4
perfection	cet4
perform	cet4
performance	cet4
performer	cet4
perhaps	cet4
peril	cet4
perilous	cet4
period	cet4
periodic	cet4
periodical	cet4
permanence	cet4
permanent	cet4
permissible	cet4
permission	cet4
permissive	cet4
permit	cet4
perseverance	cet4
persevere	cet4
persist	cet4
persistence	cet4
persistent	cet4
person	cet4
personal	cet4
personality	cet4
personally	cet4
personnel	cet4
perspective	cet4
persuade	cet4
persuasion	cet4
persuasive	cet4
pessimism	cet4
pessimist	cet4
pessimistic	cet4
pet	cet4
petrol	cet4
petroleum	cet4
petty	cet4
phase	cet4
phenomenon	cet4
philosopher	cet4
philosophical	cet4
philosophy	cet4
phone	cet4
photo	cet4
photographer	cet4
photographic	cet4
photography	cet4
phrasal	cet4
phrase	cet4
physical	cet4
physician	cet4
physicist	cet4
physics	cet4
pianist	cet4
piano	cet4
pick	cet4
picky	cet4
picnic	cet4
picture	cet4
picturesque	cet4
pie	cet4
piece	cet4
pierce	cet4
pig	cet4
pigeon	cet4
pile	cet4
pill	cet4
pillar	cet4
pillow	cet4
pilot	cet4
pin	cet4
pinch	cet4
pine	cet4
pink	cet4
pint	cet4
pioneer	cet4
pipe	cet4
piracy	cet4
pirate	cet4
pistol	cet4
pit	cet4
pitch	cet4
pity	cet4
pizza	cet4
place	cet4
placement	cet4
plague	cet4
plain	cet4
plan	cet4
plane	cet4
planet	cet4
planetary	cet4
planner	cet4
planning	cet4
plant	cet4
plantation	cet4
plastic	cet4
plate	cet4
platform	cet4
play	cet4
player	cet4
playground	cet4
pleasant	cet4
please	cet4
pleasing	cet4
pleasure	cet4
pledge	cet4
plentiful	cet4
plenty	cet4
plot	cet4
plough	cet4
plow	cet4
plug	cet4
plunge	cet4
plural	cet4
plus	cet4
pocket	cet4
podcast	cet4
poem	cet4
poet	cet4
poetic	cet4
poetry	cet4
point	cet4
pointless	cet4
poison	cet4
poisonous	cet4
polar	cet4
pole	cet4
police	cet4
policeman	cet4
policy	cet4
polish	cet4
polite	cet4
politeness	cet4
political	cet4
politician	cet4
politics	cet4
poll	cet4
pollster	cet4
pollutant	cet4
pollute	cet4
pollution	cet4
pond	cet4
pool	cet4
poor	cet4
pop	cet4
popular	cet4
popularity	cet4
populate	cet4
population	cet4
populous	cet4
pork	cet4
port	cet4
portable	cet4
porter	cet4
portion	cet4
pose	cet4
position	cet4
positive	cet4
possess	cet4
possession	cet4
possessive	cet4
possibility	cet4
possible	cet4
possibly	cet4
post	cet4
postage	cet4
postcard	cet4
poster	cet4
postman	cet4
postpone	cet4
postponement	cet4
posture	cet4
pot	cet4
potato	cet4
potential	cet4
potentiality	cet4
pound	cet4
pour	cet4
poverty	cet4
powder	cet4
power	cet4
powerful	cet4
practicable	cet4
practical	cet4
practicality	cet4
practise	cet4
praise	cet4
pray	cet4
prayer	cet4
preach	cet4
preacher	cet4
precaution	cet4
precautionary	cet4
precious	cet4
precise	cet4
precisely	cet4
precision	cet4
predict	cet4
predictable	cet4
prediction	cet4
preface	cet4
prefer	cet4
preferable	cet4
preference	cet4
preferential	cet4
pregnancy	cet4
pregnant	cet4
prejudice	cet4
preliminary	cet4
premier	cet4
preparation	cet4
preparatory	cet4
prepare	cet4
preposition	cet4
prescribe	cet4
prescription	cet4
presence	cet4
present	cet4
presentation	cet4
presently	cet4
preservation	cet4
preservative	cet4
preserve	cet4
presidency	cet4
president	cet4
presidential	cet4
press	cet4
pressing	cet4
pressure	cet4
pretend	cet4
pretense	cet4
pretty	cet4
prevail	cet4
prevalence	cet4
prevalent	cet4
prevent	cet4
prevention	cet4
preventive	cet4
preview	cet4
previous	cet4
price	cet4
priceless	cet4
pride	cet4
priest	cet4
primarily	cet4
primary	cet4
prime	cet4
primitive	cet4
prince	cet4
princess	cet4
principal	cet4
principle	cet4
print	cet4
printer	cet4
printing	cet4
prior	cet4
priority	cet4
prison	cet4
prisoner	cet4
privacy	cet4
private	cet4
privatization	cet4
privatize	cet4
privilege	cet4
privileged	cet4
prize	cet4
probability	cet4
probable	cet4
probably	cet4
problem	cet4
problematic	cet4
procedure	cet4
proceed	cet4
proceedings	cet4
process	cet4
procession	cet4
processor	cet4
proclaim	cet4
proclamation	cet4
produce	cet4
product	cet4
production	cet4
productive	cet4
productivity	cet4
profession	cet4
professional	cet4
professor	cet4
proficiency	cet4
proficient	cet4
profit	cet4
profitable	cet4
profound	cet4
program	cet4
progress	cet4
progression	cet4
progressive	cet4
prohibit	cet4
prohibition	cet4
prohibitive	cet4
project	cet4
projection	cet4
projector	cet4
prominence	cet4
prominent	cet4
promise	cet4
promising	cet4
promote	cet4
promotion	cet4
prompt	cet4
pronoun	cet4
pronounce	cet4
pronunciation	cet4
proof	cet4
proper	cet4
property	cet4
proportion	cet4
proportional	cet4
proposal	cet4
propose	cet4
proposition	cet4
prose	cet4
prospect	cet4
prospective	cet4
protect	cet4
protection	cet4
protective	cet4
protein	cet4
protest	cet4
proud	cet4
prove	cet4
proverb	cet4
proverbial	cet4
provide	cet4
provided	cet4
province	cet4
provincial	cet4
provision	cet4
provocation	cet4
provocative	cet4
provoke	cet4
psychological	cet4
psychologist	cet4
psychology	cet4
pub	cet4
public	cet4
publication	cet4
publicity	cet4
publicize	cet4
publicly	cet4
publish	cet4
pull	cet4
pulse	cet4
pump	cet4
punch	cet4
punctual	cet4
punctuality	cet4
punish	cet4
punishment	cet4
pupil	cet4
purchase	cet4
pure	cet4
purify	cet4
purity	cet4
purple	cet4
purpose	cet4
purposeful	cet4
purse	cet4
pursue	cet4
pursuit	cet4
push	cet4
pushy	cet4
put	cet4
puzzle	cet4
puzzlement	cet4
quake	cet4
qualification	cet4
qualify	cet4
qualitative	cet4
quality	cet4
quantification	cet4
quantify	cet4
quantitative	cet4
quantity	cet4
quarrel	cet4
quarrelsome	cet4
quarter	cet4
quarterly	cet4
queen	cet4
question	cet4
questionnaire	cet4
queue	cet4
quick	cet4
quiet	cet4
quit	cet4
quite	cet4
quiz	cet4
quota	cet4
quotation	cet4
quote	cet4
rabbit	cet4
race	cet4
racial	cet4
racism	cet4
racist	cet4
rack	cet4
radar	cet4
radical	cet4
radio	cet4
rag	cet4
rage	cet4
ragged	cet4
raggedly	cet4
raging	cet4
raid	cet4
rail	cet4
railroad	cet4
railway	cet4
rain	cet4
rainbow	cet4
raincoat	cet4
rainy	cet4
raise	cet4
rally	cet4
range	cet4
rank	cet4
rapid	cet4
rapidity	cet4
rare	cet4
rarely	cet4
rarity	cet4
rat	cet4
rate	cet4
rather	cet4
rating	cet4
ratio	cet4
rational	cet4
raw	cet4
ray	cet4
reach	cet4
react	cet4
reaction	cet4
reactionary	cet4
read	cet4
reader	cet4
readily	cet4
reading	cet4
ready	cet4
real	cet4
realism	cet4
realistic	cet4
reality	cet4
realization	cet4
realize	cet4
really	cet4
realm	cet4
reap	cet4
rear	cet4
reason	cet4
reasonable	cet4
rebel	cet4
rebellion	cet4
rebellious	cet4
recall	cet4
receipt	cet4
receive	cet4
receiver	cet4
recent	cet4
recently	cet4
reception	cet4
receptionist	cet4
receptive	cet4
recession	cet4
recipient	cet4
recitation	cet4
recite	cet4
reckon	cet4
recognition	cet4
recognize	cet4
recommend	cet4
recommendation	cet4
record	cet4
recorder	cet4
recording	cet4
recover	cet4
recovery	cet4
recreation	cet4
recreational	cet4
recruit	cet4
recruitment	cet4
recyclable	cet4
recycle	cet4
red	cet4
reduce	cet4
reduction	cet4
refer	cet4
reference	cet4
refine	cet4
refinement	cet4
refinery	cet4
reflect	cet4
reflection	cet4
reflective	cet4
reform	cet4
reformation	cet4
reformist	cet4
refrain	cet4
refresh	cet4
refreshment	cet4
refrigeration	cet4
refrigerator	cet4
refusal	cet4
refuse	cet4
regard	cet4
regarding	cet4
regardless	cet4
region	cet4
regional	cet4
register	cet4
registrar	cet4
registration	cet4
regret	cet4
regretful	cet4
regrettable	cet4
regular	cet4
regularity	cet4
regulate	cet4
regulation	cet4
regulator	cet4
regulatory	cet4
reinforce	cet4
reinforcement	cet4
reject	cet4
rejection	cet4
relate	cet4
relation	cet4
relationship	cet4
relative	cet4
relativity	cet4
relax	cet4
relaxation	cet4
relay	cet4
release	cet4
relevance	cet4
relevant	cet4
reliable	cet4
reliance	cet4
relief	cet4
relieve	cet4
religion	cet4
religious	cet4
reluctance	cet4
reluctant	cet4
rely	cet4
remain	cet4
remainder	cet4
remark	cet4
remarkable	cet4
remedial	cet4
remedy	cet4
remember	cet4
remembrance	cet4
remind	cet4
reminder	cet4
remote	cet4
removal	cet4
remove	cet4
render	cet4
rendering	cet4
renew	cet4
renewable	cet4
renewal	cet4
renovate	cet4
renovation	cet4
rent	cet4
rental	cet4
repair	cet4
reparable	cet4
repay	cet4
repayment	cet4
repeat	cet4
repeatedly	cet4
repetition	cet4
repetitive	cet4
replace	cet4
replacement	cet4
reply	cet4
report	cet4
reporter	cet4
represent	cet4
representation	cet4
representative	cet4
reproduce	cet4
reproduction	cet4
reproductive	cet4
republic	cet4
republican	cet4
reputation	cet4
request	cet4
require	cet4
requirement	cet4
rescue	cet4
research	cet4
researcher	cet4
resemblance	cet4
resemble	cet4
resent	cet4
resentment	cet4
reservation	cet4
reserve	cet4
reserved	cet4
reside	cet4
residence	cet4
resident	cet4
residential	cet4
resign	cet4
resignation	cet4
resist	cet4
resistance	cet4
resistant	cet4
resolute	cet4
resolution	cet4
resolve	cet4
resort	cet4
resource	cet4
resourceful	cet4
respect	cet4
respectable	cet4
respectful	cet4
respective	cet4
respectively	cet4
respond	cet4
respondent	cet4
response	cet4
responsibility	cet4
responsible	cet4
responsive	cet4
rest	cet4
restaurant	cet4
restoration	cet4
restore	cet4
restrain	cet4
restraint	cet4
restrict	cet4
restriction	cet4
restrictive	cet4
result	cet4
resultant	cet4
resume	cet4
resumption	cet4
retail	cet4
retailer	cet4
retain	cet4
retell	cet4
retelling	cet4
retention	cet4
retire	cet4
retired	cet4
retirement	cet4
retreat	cet4
return	cet4
reunification	cet4
reunion	cet4
reunite	cet4
reveal	cet4
revelation	cet4
revenue	cet4
reversal	cet4
reverse	cet4
reversible	cet4
review	cet4
reviewer	cet4
revise	cet4
revision	cet4
revolution	cet4
revolutionary	cet4
revolve	cet4
reward	cet4
rewarding	cet4
rhythm	cet4
rhythmic	cet4
rib	cet4
ribbon	cet4
rice	cet4
rich	cet4
rid	cet4
riddle	cet4
ride	cet4
rider	cet4
ridicule	cet4
ridiculous	cet4
rifle	cet4
right	cet4
ring	cet4
riot	cet4
riotous	cet4
rip	cet4
ripe	cet4
ripen	cet4
rise	cet4
risk	cet4
risky	cet4
rival	cet4
rivalry	cet4
river	cet4
road	cet4
roar	cet4
roast	cet4
rob	cet4
robbery	cet4
robot	cet4
robotic	cet4
rock	cet4
rocket	cet4
rocky	cet4
rod	cet4
role	cet4
roll	cet4
roller	cet4
romance	cet4
romantic	cet4
roof	cet4
room	cet4
root	cet4
rope	cet4
rose	cet4
rosy	cet4
rough	cet4
roughly	cet4
round	cet4
rouse	cet4
route	cet4
routine	cet4
row	cet4
royal	cet4
royalty	cet4
rub	cet4
rubber	cet4
rubbish	cet4
rude	cet4
rug	cet4
ruin	cet4
ruinous	cet4
rule	cet4
ruler	cet4
ruling	cet4
rumor	cet4
run	cet4
runner	cet4
running	cet4
runway	cet4
rural	cet4
rush	cet4
s	cet4
sack	cet4
sacrifice	cet4
sacrificial	cet4
sad	cet4
sadden	cet4
sadness	cet4
safe	cet4
safety	cet4
sail	cet4
sailing	cet4
sailor	cet4
saint	cet4
sake	cet4
salad	cet4
salary	cet4
sale	cet4
salesman	cet4
salt	cet4
salty	cet4
same	cet4
sample	cet4
sand	cet4
sandwich	cet4
satellite	cet4
satisfaction	cet4
satisfactory	cet4
satisfy	cet4
saturday	cet4
sauce	cet4
sausage	cet4
save	cet4
saving	cet4
say	cet4
saying	cet4
scale	cet4
scan	cet4
scandal	cet4
scandalous	cet4
scanner	cet4
scar	cet4
scarce	cet4
scarcely	cet4
scarcity	cet4
scare	cet4
scary	cet4
scatter	cet4
scene	cet4
scenery	cet4
scenic	cet4
scent	cet4
schedule	cet4
scheme	cet4
scholar	cet4
scholarly	cet4
scholarship	cet4
scholastic	cet4
school	cet4
schooling	cet4
science	cet4
scientific	cet4
scientist	cet4
scissors	cet4
scold	cet4
scope	cet4
score	cet4
scout	cet4
scratch	cet4
scream	cet4
screen	cet4
screw	cet4
script	cet4
scripture	cet4
sea	cet4
seal	cet4
search	cet4
season	cet4
seasonal	cet4
seat	cet4
second	cet4
second-hand	cet4
secondary	cet4
secrecy	cet4
secret	cet4
secretarial	cet4
secretary	cet4
secretive	cet4
section	cet4
sector	cet4
secure	cet4
security	cet4
see	cet4
seed	cet4
seedling	cet4
seek	cet4
seem	cet4
seeming	cet4
seemingly	cet4
segment	cet4
segmental	cet4
seize	cet4
seizure	cet4
seldom	cet4
select	cet4
selection	cet4
selective	cet4
self	cet4
selfish	cet4
selfless	cet4
sell	cet4
semester	cet4
semi-colon	cet4
seminar	cet4
senate	cet4
senator	cet4
send	cet4
senior	cet4
seniority	cet4
sense	cet4
sensible	cet4
sensitive	cet4
sensitivity	cet4
sensor	cet4
sentence	cet4
separate	cet4
separation	cet4
separatist	cet4
september	cet4
sequence	cet4
sequential	cet4
series	cet4
serious	cet4
servant	cet4
serve	cet4
service	cet4
serving	cet4
session	cet4
set	cet4
setback	cet4
setting	cet4
settle	cet4
settlement	cet4
seven	cet4
seventeen	cet4
seventy	cet4
several	cet4
severe	cet4
severity	cet4
sew	cet4
sex	cet4
sexual	cet4
sexy	cet4
shade	cet4
shadow	cet4
shady	cet4
shake	cet4
shaky	cet4
shall	cet4
shallow	cet4
shame	cet4
shameful	cet4
shameless	cet4
shape	cet4
share	cet4
sharp	cet4
sharpen	cet4
shave	cet4
shaver	cet4
she	cet4
shed	cet4
sheep	cet4
sheer	cet4
sheet	cet4
shelf	cet4
shell	cet4
shelter	cet4
shift	cet4
shine	cet4
shiny	cet4
ship	cet4
shipment	cet4
shipping	cet4
shirt	cet4
shit	cet4
shiver	cet4
shock	cet4
shoe	cet4
shoot	cet4
shop	cet4
shopping	cet4
shore	cet4
short	cet4
shortage	cet4
shortcoming	cet4
shortly	cet4
shorts	cet4
shot	cet4
should	cet4
shoulder	cet4
shout	cet4
show	cet4
shower	cet4
showy	cet4
shrimp	cet4
shrink	cet4
shrug	cet4
shut	cet4
shuttle	cet4
shy	cet4
shyly	cet4
shyness	cet4
sick	cet4
sicken	cet4
side	cet4
sideways	cet4
siege	cet4
sigh	cet4
sight	cet4
sightseeing	cet4
sign	cet4
signal	cet4
signature	cet4
significance	cet4
significant	cet4
silence	cet4
silent	cet4
silicon	cet4
silk	cet4
silky	cet4
silver	cet4
silvery	cet4
similar	cet4
similarity	cet4
simple	cet4
simplicity	cet4
simplify	cet4
simply	cet4
sin	cet4
since	cet4
sincere	cet4
sincerity	cet4
sing	cet4
singer	cet4
single	cet4
singular	cet4
singularity	cet4
sink	cet4
sip	cet4
sir	cet4
sister	cet4
sit	cet4
site	cet4
sitting	cet4
situate	cet4
situation	cet4
six	cet4
sixteen	cet4
sixty	cet4
sizable	cet4
size	cet4
skate	cet4
skating	cet4
skeleton	cet4
sketch	cet4
sketchy	cet4
ski	cet4
skiing	cet4
skilful	cet4
skill	cet4
skilled	cet4
skin	cet4
skinny	cet4
skip	cet4
skirt	cet4
sky	cet4
skyline	cet4
skyscraper	cet4
slap	cet4
slave	cet4
slavery	cet4
sleep	cet4
sleepiness	cet4
sleepy	cet4
sleeve	cet4
slender	cet4
slice	cet4
slide	cet4
slight	cet4
slightly	cet4
slim	cet4
slip	cet4
slipper	cet4
slippery	cet4
slogan	cet4
slope	cet4
slow	cet4
small	cet4
smart	cet4
smartphone	cet4
smash	cet4
smell	cet4
smelly	cet4
smile	cet4
smog	cet4
smoggy	cet4
smoke	cet4
smoky	cet4
smooth	cet4
snack	cet4
snake	cet4
snow	cet4
snowy	cet4
so	cet4
so-called	cet4
soak	cet4
soap	cet4
soar	cet4
soccer	cet4
sociable	cet4
social	cet4
socialism	cet4
socialist	cet4
socialize	cet4
society	cet4
sociologist	cet4
sociology	cet4
sock	cet4
soda	cet4
sofa	cet4
soft	cet4
soften	cet4
software	cet4
soil	cet4
solar	cet4
soldier	cet4
sole	cet4
solely	cet4
solemn	cet4
solemnity	cet4
solid	cet4
solidify	cet4
solidity	cet4
soluble	cet4
solution	cet4
solve	cet4
solvent	cet4
some	cet4
somebody	cet4
somehow	cet4
someone	cet4
something	cet4
sometime	cet4
sometimes	cet4
somewhat	cet4
somewhere	cet4
son	cet4
song	cet4
soon	cet4
sophisticated	cet4
sophistication	cet4
sore	cet4
sorrow	cet4
sorrowful	cet4
sorry	cet4
sort	cet4
soul	cet4
sound	cet4
soup	cet4
sour	cet4
source	cet4
south	cet4
southeast	cet4
southeastern	cet4
southern	cet4
southwest	cet4
southwestern	cet4
souvenir	cet4
sow	cet4
space	cet4
spacecraft	cet4
spaceship	cet4
spacious	cet4
spade	cet4
span	cet4
spare	cet4
sparingly	cet4
spark	cet4
sparkle	cet4
spatial	cet4
speak	cet4
speaker	cet4
special	cet4
specialist	cet4
specialization	cet4
specialize	cet4
species	cet4
specific	cet4
specifically	cet4
specification	cet4
specify	cet4
specimen	cet4
speculate	cet4
speculation	cet4
speculative	cet4
speech	cet4
speechless	cet4
speed	cet4
speeding	cet4
speedy	cet4
spell	cet4
spelling	cet4
spend	cet4
spending	cet4
sphere	cet4
spherical	cet4
spill	cet4
spin	cet4
spirit	cet4
spiritual	cet4
spit	cet4
spite	cet4
splash	cet4
splendid	cet4
splendor	cet4
split	cet4
spoil	cet4
spokesman	cet4
spokesperson	cet4
spokeswoman	cet4
sponsor	cet4
sponsorship	cet4
spontaneity	cet4
spontaneous	cet4
spoon	cet4
spoonful	cet4
sport	cet4
sportsman	cet4
sportswoman	cet4
spot	cet4
spouse	cet4
spray	cet4
spread	cet4
spring	cet4
spur	cet4
spy	cet4
square	cet4
squeeze	cet4
st	cet4
stability	cet4
stabilize	cet4
stable	cet4
stack	cet4
stadium	cet4
staff	cet4
stage	cet4
stain	cet4
stainless	cet4
stair	cet4
staircase	cet4
stake	cet4
stale	cet4
stamp	cet4
stand	cet4
standard	cet4
standardization	cet4
standardize	cet4
standpoint	cet4
staple	cet4
stapler	cet4
star	cet4
stare	cet4
starry	cet4
start	cet4
starter	cet4
startle	cet4
starvation	cet4
starve	cet4
state	cet4
statement	cet4
statesman	cet4
station	cet4
stationary	cet4
statistic	cet4
statistical	cet4
statue	cet4
status	cet4
stay	cet4
steadily	cet4
steady	cet4
steak	cet4
steal	cet4
steam	cet4
steamer	cet4
steamy	cet4
steel	cet4
steep	cet4
steer	cet4
stem	cet4
step	cet4
stick	cet4
sticky	cet4
stiff	cet4
stiffen	cet4
still	cet4
stimulant	cet4
stimulate	cet4
stimulation	cet4
stimulus	cet4
sting	cet4
stir	cet4
stock	cet4
stocking	cet4
stomach	cet4
stone	cet4
stony	cet4
stool	cet4
stop	cet4
stoppage	cet4
storage	cet4
store	cet4
storm	cet4
stormy	cet4
story	cet4
stove	cet4
straight	cet4
straighten	cet4
straightforward	cet4
strain	cet4
strange	cet4
stranger	cet4
strap	cet4
strategic	cet4
strategy	cet4
straw	cet4
stream	cet4
street	cet4
strength	cet4
strengthen	cet4
stress	cet4
stressful	cet4
stretch	cet4
strict	cet4
stride	cet4
strike	cet4
striking	cet4
string	cet4
strip	cet4
stripe	cet4
strive	cet4
stroke	cet4
strong	cet4
structural	cet4
structure	cet4
struggle	cet4
student	cet4
studio	cet4
study	cet4
stuff	cet4
stuffing	cet4
stuffy	cet4
stupid	cet4
stupidity	cet4
style	cet4
stylish	cet4
subject	cet4
subjective	cet4
submission	cet4
submissive	cet4
submit	cet4
subsequent	cet4
substance	cet4
substantial	cet4
substitute	cet4
substitution	cet4
subtract	cet4
subtraction	cet4
suburb	cet4
suburban	cet4
subway	cet4
succeed	cet4
success	cet4
successful	cet4
succession	cet4
successive	cet4
successor	cet4
such	cet4
suck	cet4
sudden	cet4
suddenly	cet4
suffer	cet4
suffering	cet4
sufficient	cet4
sugar	cet4
suggest	cet4
suggestion	cet4
suggestive	cet4
suit	cet4
suitable	cet4
suitcase	cet4
sum	cet4
summarize	cet4
summary	cet4
summer	cet4
summit	cet4
sun	cet4
sunday	cet4
sunlight	cet4
sunny	cet4
sunrise	cet4
sunset	cet4
sunshine	cet4
super	cet4
superb	cet4
superficial	cet4
superior	cet4
superiority	cet4
supermarket	cet4
supervise	cet4
supervision	cet4
supervisor	cet4
supper	cet4
supplement	cet4
supplementary	cet4
supplier	cet4
supply	cet4
support	cet4
supporter	cet4
supportive	cet4
suppose	cet4
supposedly	cet4
supposition	cet4
supremacy	cet4
supreme	cet4
sure	cet4
surf	cet4
surface	cet4
surfing	cet4
surge	cet4
surgeon	cet4
surgery	cet4
surgical	cet4
surname	cet4
surplus	cet4
surprise	cet4
surrender	cet4
surround	cet4
surroundings	cet4
survey	cet4
survival	cet4
survive	cet4
survivor	cet4
suspect	cet4
suspend	cet4
suspense	cet4
suspension	cet4
suspicion	cet4
suspicious	cet4
sustain	cet4
sustainability	cet4
sustainable	cet4
swallow	cet4
sway	cet4
swear	cet4
sweat	cet4
sweater	cet4
sweep	cet4
sweet	cet4
swell	cet4
swift	cet4
swim	cet4
swimmer	cet4
swimming	cet4
swing	cet4
swipe	cet4
switch	cet4
sword	cet4
symbol	cet4
symbolic	cet4
sympathetic	cet4
sympathize	cet4
sympathy	cet4
symptom	cet4
system	cet4
systematic	cet4
systematically	cet4
table	cet4
tablet	cet4
tackle	cet4
tag	cet4
tail	cet4
tailor	cet4
take	cet4
takeoff	cet4
tale	cet4
talent	cet4
talented	cet4
talk	cet4
talkative	cet4
tall	cet4
tame	cet4
tangible	cet4
tank	cet4
tap	cet4
tape	cet4
target	cet4
task	cet4
taste	cet4
tasty	cet4
tax	cet4
taxation	cet4
taxi	cet4
te	cet4
tea	cet4
teach	cet4
teacher	cet4
teaching	cet4
team	cet4
tear	cet4
tech	cet4
technical	cet4
technician	cet4
technique	cet4
technological	cet4
technology	cet4
tedious	cet4
teen	cet4
teenager	cet4
telecommunications	cet4
telephone	cet4
telescope	cet4
telescopic	cet4
television	cet4
tell	cet4
teller	cet4
telling	cet4
temper	cet4
temperature	cet4
temple	cet4
temporarily	cet4
temporary	cet4
ten	cet4
tend	cet4
tendency	cet4
tender	cet4
tennis	cet4
tense	cet4
tension	cet4
tent	cet4
term	cet4
terminal	cet4
terrible	cet4
terribly	cet4
terrific	cet4
terrify	cet4
territorial	cet4
territory	cet4
terror	cet4
terrorism	cet4
terrorist	cet4
test	cet4
text	cet4
textbook	cet4
textile	cet4
than	cet4
thank	cet4
thankful	cet4
thanksgiving	cet4
that	cet4
the	cet4
theater	cet4
theatrical	cet4
theft	cet4
their	cet4
theirs	cet4
them	cet4
theme	cet4
themselves	cet4
then	cet4
theoretical	cet4
theory	cet4
therapeutic	cet4
therapist	cet4
therapy	cet4
there	cet4
thereby	cet4
therefore	cet4
thermometer	cet4
these	cet4
thesis	cet4
they	cet4
thick	cet4
thief	cet4
thin	cet4
thing	cet4
think	cet4
thinking	cet4
third	cet4
thirst	cet4
thirsty	cet4
thirteen	cet4
thirty	cet4
this	cet4
thorough	cet4
those	cet4
though	cet4
thought	cet4
thoughtful	cet4
thousand	cet4
thread	cet4
threat	cet4
threaten	cet4
three	cet4
thrive	cet4
throat	cet4
through	cet4
throughout	cet4
throw	cet4
thrust	cet4
thumb	cet4
thunder	cet4
thunderous	cet4
thursday	cet4
thus	cet4
tick	cet4
ticket	cet4
tidal	cet4
tide	cet4
tidy	cet4
tie	cet4
tiger	cet4
tight	cet4
tighten	cet4
tigress	cet4
till	cet4
timber	cet4
time	cet4
timely	cet4
timing	cet4
tin	cet4
tiny	cet4
tip	cet4
tire	cet4
tired	cet4
tireless	cet4
tiresome	cet4
tiring	cet4
tissue	cet4
title	cet4
to	cet4
toast	cet4
tobacco	cet4
today	cet4
toe	cet4
together	cet4
toilet	cet4
token	cet4
tolerable	cet4
tolerance	cet4
tolerant	cet4
tolerate	cet4
toll	cet4
tomato	cet4
tomorrow	cet4
ton	cet4
tone	cet4
tongue	cet4
tonight	cet4
tonnage	cet4
too	cet4
tool	cet4
tooth	cet4
top	cet4
topic	cet4
topical	cet4
torch	cet4
torture	cet4
toss	cet4
total	cet4
touch	cet4
tough	cet4
tour	cet4
tourism	cet4
tourist	cet4
toward	cet4
towel	cet4
tower	cet4
town	cet4
township	cet4
toy	cet4
trace	cet4
track	cet4
tractor	cet4
trade	cet4
trademark	cet4
tradition	cet4
traditional	cet4
traffic	cet4
trafficking	cet4
tragedy	cet4
tragic	cet4
tragically	cet4
trail	cet4
trailer	cet4
train	cet4
trainee	cet4
trainer	cet4
training	cet4
tram	cet4
transaction	cet4
transcript	cet4
transfer	cet4
transference	cet4
transform	cet4
transformation	cet4
transit	cet4
translate	cet4
translation	cet4
translator	cet4
transmission	cet4
transmit	cet4
transmitter	cet4
transparency	cet4
transparent	cet4
transplant	cet4
transplantation	cet4
transport	cet4
transportation	cet4
trap	cet4
trash	cet4
travel	cet4
tray	cet4
treasure	cet4
treat	cet4
treatment	cet4
treaty	cet4
tree	cet4
tremble	cet4
tremendous	cet4
trend	cet4
trial	cet4
triangle	cet4
triangular	cet4
trick	cet4
tricky	cet4
trifle	cet4
trigger	cet4
trip	cet4
triple	cet4
triumph	cet4
triumphant	cet4
trolley	cet4
troop	cet4
trouble	cet4
troublesome	cet4
trousers	cet4
truck	cet4
true	cet4
truly	cet4
trunk	cet4
trust	cet4
trustee	cet4
truth	cet4
truthful	cet4
try	cet4
trying	cet4
tube	cet4
tuesday	cet4
tuition	cet4
tumor	cet4
tune	cet4
tunnel	cet4
turkey	cet4
turn	cet4
tutor	cet4
tutorial	cet4
tv	cet4
twelfth	cet4
twelve	cet4
twentieth	cet4
twenty	cet4
twice	cet4
twin	cet4
twist	cet4
two	cet4
type	cet4
typewriter	cet4
typical	cet4
typist	cet4
tyre	cet4
u	cet4
ue	cet4
ugliness	cet4
ugly	cet4
ultimate	cet4
ultimately	cet4
umbrella	cet4
uncertain	cet4
uncertainty	cet4
uncle	cet4
uncover	cet4
under	cet4
underdeveloped	cet4
underestimate	cet4
undergo	cet4
undergraduate	cet4
underground	cet4
underline	cet4
undermine	cet4
underneath	cet4
understand	cet4
understanding	cet4
undertake	cet4
undertaking	cet4
underwear	cet4
undo	cet4
undoubtedly	cet4
uneasy	cet4
unemployed	cet4
unemployment	cet4
uniform	cet4
uniformity	cet4
union	cet4
unique	cet4
unit	cet4
unite	cet4
unity	cet4
universal	cet4
universe	cet4
university	cet4
unless	cet4
until	cet4
up	cet4
up-to-date	cet4
update	cet4
upgrade	cet4
upload	cet4
upon	cet4
upper	cet4
upright	cet4
upset	cet4
upstairs	cet4
upward	cet4
upwards	cet4
urban	cet4
urbanization	cet4
urbanize	cet4
urge	cet4
urgency	cet4
urgent	cet4
us	cet4
usage	cet4
use	cet4
used	cet4
useful	cet4
useless	cet4
user	cet4
usual	cet4
usually	cet4
utility	cet4
utilization	cet4
utilize	cet4
utmost	cet4
utter	cet4
utterly	cet4
vacancy	cet4
vacant	cet4
vacation	cet4
vacuum	cet4
vague	cet4
vain	cet4
valid	cet4
validate	cet4
validity	cet4
valley	cet4
valuable	cet4
value	cet4
van	cet4
vanish	cet4
vanity	cet4
vapor	cet4
variable	cet4
variant	cet4
variation	cet4
variety	cet4
various	cet4
vary	cet4
vast	cet4
vegetable	cet4
vegetarian	cet4
vehicle	cet4
veil	cet4
vendor	cet4
venture	cet4
verb	cet4
verbal	cet4
verification	cet4
verify	cet4
version	cet4
versus	cet4
vertical	cet4
very	cet4
vessel	cet4
veteran	cet4
veto	cet4
via	cet4
victim	cet4
victimize	cet4
victorious	cet4
victory	cet4
video	cet4
view	cet4
viewpoint	cet4
vigor	cet4
vigorous	cet4
village	cet4
villager	cet4
vinegar	cet4
violate	cet4
violation	cet4
violence	cet4
violent	cet4
violin	cet4
violinist	cet4
virtual	cet4
virtually	cet4
virtue	cet4
virtuous	cet4
virus	cet4
visa	cet4
visibility	cet4
visible	cet4
vision	cet4
visionary	cet4
visit	cet4
visitor	cet4
visual	cet4
visualize	cet4
vital	cet4
vitality	cet4
vitamin	cet4
vivid	cet4
vocabulary	cet4
vocation	cet4
vocational	cet4
voice	cet4
volcanic	cet4
volcano	cet4
volleyball	cet4
volt	cet4
voltage	cet4
volume	cet4
voluminous	cet4
voluntary	cet4
volunteer	cet4
vote	cet4
voter	cet4
voyage	cet4
vulnerability	cet4
vulnerable	cet4
wage	cet4
wagon	cet4
waist	cet4
wait	cet4
waiter	cet4
waitress	cet4
wake	cet4
waken	cet4
walk	cet4
wall	cet4
wallet	cet4
wander	cet4
want	cet4
war	cet4
ward	cet4
ware	cet4
warehouse	cet4
warfare	cet4
warm	cet4
warmth	cet4
warn	cet4
warning	cet4
warrior	cet4
wary	cet4
wash	cet4
washing	cet4
waste	cet4
wasteful	cet4
watch	cet4
watchful	cet4
water	cet4
waterproof	cet4
watertight	cet4
wave	cet4
wavy	cet4
wax	cet4
way	cet4
we	cet4
weak	cet4
weaken	cet4
weakness	cet4
wealth	cet4
wealthy	cet4
weapon	cet4
wear	cet4
weather	cet4
weave	cet4
web	cet4
webcast	cet4
website	cet4
wed	cet4
wedding	cet4
wednesday	cet4
weed	cet4
week	cet4
weekday	cet4
weekend	cet4
weekly	cet4
weep	cet4
weigh	cet4
weight	cet4
weird	cet4
welcome	cet4
welfare	cet4
well	cet4
well-being	cet4
well-known	cet4
well-off	cet4
west	cet4
western	cet4
westerner	cet4
wet	cet4
whale	cet4
what	cet4
whatever	cet4
whatsoever	cet4
wheat	cet4
wheel	cet4
when	cet4
whenever	cet4
where	cet4
whereas	cet4
wherever	cet4
whether	cet4
which	cet4
whichever	cet4
while	cet4
whilst	cet4
whip	cet4
whisky	cet4
whisper	cet4
whistle	cet4
white	cet4
who	cet4
whoever	cet4
whole	cet4
wholly	cet4
whom	cet4
whose	cet4
why	cet4
wide	cet4
widen	cet4
widespread	cet4
widow	cet4
widower	cet4
width	cet4
wife	cet4
wild	cet4
wilderness	cet4
wildlife	cet4
will	cet4
willing	cet4
willingness	cet4
willpower	cet4
win	cet4
wind	cet4
window	cet4
windy	cet4
wine	cet4
winery	cet4
wing	cet4
winner	cet4
winter	cet4
wipe	cet4
wire	cet4
wireless	cet4
wisdom	cet4
wise	cet4
wish	cet4
wit	cet4
with	cet4
withdraw	cet4
withdrawal	cet4
within	cet4
without	cet4
withstand	cet4
witness	cet4
witty	cet4
wolf	cet4
woman	cet4
wonder	cet4
wonderful	cet4
wood	cet4
wooden	cet4
wool	cet4
woolen	cet4
word	cet4
wording	cet4
work	cet4
worker	cet4
workforce	cet4
workout	cet4
workshop	cet4
world	cet4
worldwide	cet4
worm	cet4
worried	cet4
worry	cet4
worse	cet4
worship	cet4
worst	cet4
worth	cet4
worthiness	cet4
worthless	cet4
worthwhile	cet4
worthy	cet4
would	cet4
wound	cet4
wrap	cet4
wrapping	cet4
wreck	cet4
wreckage	cet4
wrinkle	cet4
wrist	cet4
write	cet4
writer	cet4
writing	cet4
wrong	cet4
x-ray	cet4
yard	cet4
yeah	cet4
year	cet4
yearly	cet4
yell	cet4
yellow	cet4
yes	cet4
yesterday	cet4
yet	cet4
yield	cet4
yoga	cet4
yoghurt	cet4
you	cet4
young	cet4
youngster	cet4
your	cet4
yours	cet4
yourself	cet4
yourselves	cet4
youth	cet4
youthful	cet4
zero	cet4
zone	cet4
zoo	cet4
zoological	cet4
zoology	cet4
abbreviation	cet6-extra
abide	cet6-extra
abnormal	cet6-extra
abort	cet6-extra
abortion	cet6-extra
abreast	cet6-extra
abrupt	cet6-extra
absurd	cet6-extra
absurdity	cet6-extra
accessory	cet6-extra
acclaim	cet6-extra
activate	cet6-extra
acupuncture	cet6-extra
adhere	cet6-extra
adherence	cet6-extra
adjacent	cet6-extra
adolescence	cet6-extra
adolescent	cet6-extra
adorable	cet6-extra
adore	cet6-extra
advent	cet6-extra
adversary	cet6-extra
adverse	cet6-extra
adversity	cet6-extra
aesthetic	cet6-extra
aesthetics	cet6-extra
affiliate	cet6-extra
affiliation	cet6-extra
affirm	cet6-extra
affirmation	cet6-extra
affirmative	cet6-extra
affix	cet6-extra
affixation	cet6-extra
afloat	cet6-extra
aftermath	cet6-extra
aggravate	cet6-extra
aggravation	cet6-extra
aggregate	cet6-extra
agitate	cet6-extra
agitation	cet6-extra
agony	cet6-extra
aide	cet6-extra
ail	cet6-extra
ailment	cet6-extra
airborne	cet6-extra
akin	cet6-extra
ale	cet6-extra
alien	cet6-extra
alienate	cet6-extra
alienation	cet6-extra
align	cet6-extra
alignment	cet6-extra
allergic	cet6-extra
allergy	cet6-extra
alleviate	cet6-extra
alleviation	cet6-extra
allocate	cet6-extra
allocation	cet6-extra
allot	cet6-extra
allotment	cet6-extra
alloy	cet6-extra
allude	cet6-extra
allure	cet6-extra
allurement	cet6-extra
allusion	cet6-extra
almighty	cet6-extra
aloft	cet6-extra
alternate	cet6-extra
alternately	cet6-extra
alternation	cet6-extra
amass	cet6-extra
ambiguity	cet6-extra
ambiguous	cet6-extra
amend	cet6-extra
amendment	cet6-extra
amiable	cet6-extra
ammunition	cet6-extra
amplification	cet6-extra
amplify	cet6-extra
analogous	cet6-extra
analogue	cet6-extra
analogy	cet6-extra
anecdotal	cet6-extra
anecdote	cet6-extra
anguish	cet6-extra
animate	cet6-extra
animated	cet6-extra
animation	cet6-extra
annex	cet6-extra
annexation	cet6-extra
anonymity	cet6-extra
anonymous	cet6-extra
antagonism	cet6-extra
antagonist	cet6-extra
antagonistic	cet6-extra
antagonistically	cet6-extra
antenna	cet6-extra
antibiotic	cet6-extra
antonym	cet6-extra
ape	cet6-extra
appal	cet6-extra
appalling	cet6-extra
appease	cet6-extra
appeasement	cet6-extra
appendix	cet6-extra
appraisal	cet6-extra
appraise	cet6-extra
apprentice	cet6-extra
apron	cet6-extra
apt	cet6-extra
aptly	cet6-extra
arbitrate	cet6-extra
arbitration	cet6-extra
arc	cet6-extra
arch	cet6-extra
archive	cet6-extra
ardent	cet6-extra
arena	cet6-extra
aristocracy	cet6-extra
aristocrat	cet6-extra
aristocratic	cet6-extra
armor	cet6-extra
array	cet6-extra
arrogance	cet6-extra
arrogant	cet6-extra
artery	cet6-extra
articulate	cet6-extra
articulation	cet6-extra
artifact	cet6-extra
artillery	cet6-extra
ascend	cet6-extra
ascendance	cet6-extra
ascertain	cet6-extra
ascribe	cet6-extra
aspiration	cet6-extra
aspire	cet6-extra
assassin	cet6-extra
assassinate	cet6-extra
assassination	cet6-extra
assault	cet6-extra
assert	cet6-extra
assertion	cet6-extra
assertive	cet6-extra
assimilate	cet6-extra
assimilation	cet6-extra
assorted	cet6-extra
assortment	cet6-extra
astray	cet6-extra
asylum	cet6-extra
atlas	cet6-extra
atrocious	cet6-extra
atrocity	cet6-extra
auction	cet6-extra
auctioneer	cet6-extra
audit	cet6-extra
auditing	cet6-extra
auditor	cet6-extra
augment	cet6-extra
augmentation	cet6-extra
autobiographic	cet6-extra
autobiography	cet6-extra
autonomous	cet6-extra
autonomy	cet6-extra
auxiliary	cet6-extra
avail	cet6-extra
avenge	cet6-extra
aversion	cet6-extra
avert	cet6-extra
baffle	cet6-extra
bald	cet6-extra
barge	cet6-extra
barn	cet6-extra
barometer	cet6-extra
barracks	cet6-extra
barren	cet6-extra
bass	cet6-extra
batter	cet6-extra
bead	cet6-extra
beak	cet6-extra
beckon	cet6-extra
beetle	cet6-extra
benevolence	cet6-extra
benevolent	cet6-extra
benign	cet6-extra
beset	cet6-extra
besiege	cet6-extra
beware	cet6-extra
bewilder	cet6-extra
bewilderment	cet6-extra
bibliography	cet6-extra
bilateral	cet6-extra
binoculars	cet6-extra
bishop	cet6-extra
bizarre	cet6-extra
blackmail	cet6-extra
blaze	cet6-extra
bleach	cet6-extra
bleak	cet6-extra
blink	cet6-extra
bloc	cet6-extra
bluff	cet6-extra
blunder	cet6-extra
blunt	cet6-extra
blush	cet6-extra
bolster	cet6-extra
botanical	cet6-extra
botany	cet6-extra
bouquet	cet6-extra
bout	cet6-extra
boycott	cet6-extra
brace	cet6-extra
breach	cet6-extra
brew	cet6-extra
brewery	cet6-extra
brigade	cet6-extra
brink	cet6-extra
brisk	cet6-extra
bronze	cet6-extra
brood	cet6-extra
bruise	cet6-extra
buddhism	cet6-extra
buddhist	cet6-extra
buffalo	cet6-extra
buffer	cet6-extra
bureaucracy	cet6-extra
bureaucrat	cet6-extra
bureaucratic	cet6-extra
burglar	cet6-extra
burglary	cet6-extra
bust	cet6-extra
butt	cet6-extra
buzz	cet6-extra
calcium	cet6-extra
cannon	cet6-extra
canoe	cet6-extra
canvas	cet6-extra
cape	cet6-extra
capsule	cet6-extra
caption	cet6-extra
captive	cet6-extra
caravan	cet6-extra
carbohydrate	cet6-extra
cardinal	cet6-extra
carton	cet6-extra
carve	cet6-extra
carving	cet6-extra
casino	cet6-extra
casualty	cet6-extra
catastrophe	cet6-extra
catastrophic	cet6-extra
cathedral	cet6-extra
catholic	cet6-extra
cauliflower	cet6-extra
cavity	cet6-extra
celebrity	cet6-extra
cemetery	cet6-extra
censor	cet6-extra
censorship	cet6-extra
census	cet6-extra
ceramic	cet6-extra
certification	cet6-extra
certify	cet6-extra
chamber	cet6-extra
chancellor	cet6-extra
chant	cet6-extra
chapel	cet6-extra
choir	cet6-extra
chord	cet6-extra
chronic	cet6-extra
chronically	cet6-extra
chronicle	cet6-extra
chunk	cet6-extra
civic	cet6-extra
clamp	cet6-extra
clan	cet6-extra
clasp	cet6-extra
cleanse	cet6-extra
clearance	cet6-extra
clearing	cet6-extra
clench	cet6-extra
clergy	cet6-extra
cloak	cet6-extra
clog	cet6-extra
closet	cet6-extra
cluster	cet6-extra
clutch	cet6-extra
coalition	cet6-extra
cocaine	cet6-extra
cockpit	cet6-extra
cocktail	cet6-extra
coconut	cet6-extra
coexist	cet6-extra
coexistence	cet6-extra
cognition	cet6-extra
cognitive	cet6-extra
coincide	cet6-extra
coincidence	cet6-extra
collide	cet6-extra
collision	cet6-extra
colonel	cet6-extra
comet	cet6-extra
comic	cet6-extra
commemorate	cet6-extra
commemoration	cet6-extra
commend	cet6-extra
commendation	cet6-extra
commonwealth	cet6-extra
compartment	cet6-extra
compassion	cet6-extra
compassionate	cet6-extra
compilation	cet6-extra
compile	cet6-extra
complacency	cet6-extra
complacent	cet6-extra
complement	cet6-extra
complementary	cet6-extra
complexion	cet6-extra
compliment	cet6-extra
complimentary	cet6-extra
composite	cet6-extra
compress	cet6-extra
compression	cet6-extra
concede	cet6-extra
conceit	cet6-extra
conceited	cet6-extra
conceive	cet6-extra
conception	cet6-extra
concession	cet6-extra
concise	cet6-extra
concurrent	cet6-extra
condolence	cet6-extra
conducive	cet6-extra
confederate	cet6-extra
confederation	cet6-extra
confer	cet6-extra
confide	cet6-extra
configuration	cet6-extra
congregate	cet6-extra
congregation	cet6-extra
connotation	cet6-extra
consecutive	cet6-extra
conservation	cet6-extra
conserve	cet6-extra
consolation	cet6-extra
console	cet6-extra
conspicuous	cet6-extra
conspiracy	cet6-extra
conspire	cet6-extra
constituency	cet6-extra
constituent	cet6-extra
constrain	cet6-extra
constraint	cet6-extra
consul	cet6-extra
consulate	cet6-extra
contagious	cet6-extra
contemplate	cet6-extra
contemplation	cet6-extra
contemplative	cet6-extra
contingent	cet6-extra
contrive	cet6-extra
convene	cet6-extra
converge	cet6-extra
convergence	cet6-extra
convict	cet6-extra
conviction	cet6-extra
convoy	cet6-extra
coral	cet6-extra
cordial	cet6-extra
cordiality	cet6-extra
cork	cet6-extra
corporal	cet6-extra
corpse	cet6-extra
correlate	cet6-extra
correlation	cet6-extra
correlative	cet6-extra
corrode	cet6-extra
corrosion	cet6-extra
cosmetic	cet6-extra
cosmopolitan	cet6-extra
counteract	cet6-extra
counteraction	cet6-extra
counterfeit	cet6-extra
coup	cet6-extra
courtesy	cet6-extra
cozy	cet6-extra
crackdown	cet6-extra
cradle	cet6-extra
cram	cet6-extra
crate	cet6-extra
crave	cet6-extra
credential	cet6-extra
credibility	cet6-extra
credible	cet6-extra
cricket	cet6-extra
cripple	cet6-extra
crisp	cet6-extra
crouch	cet6-extra
crow	cet6-extra
crude	cet6-extra
crumble	cet6-extra
crunch	cet6-extra
crust	cet6-extra
cub	cet6-extra
cuisine	cet6-extra
culminate	cet6-extra
culmination	cet6-extra
cult	cet6-extra
cumulative	cet6-extra
cunning	cet6-extra
curfew	cet6-extra
curtail	cet6-extra
custody	cet6-extra
cylinder	cet6-extra
cynical	cet6-extra
cynicism	cet6-extra
dart	cet6-extra
dazzle	cet6-extra
deadlock	cet6-extra
debris	cet6-extra
debut	cet6-extra
decimal	cet6-extra
decree	cet6-extra
dedicate	cet6-extra
dedication	cet6-extra
deduce	cet6-extra
deducible	cet6-extra
deduct	cet6-extra
deductible	cet6-extra
deduction	cet6-extra
deductive	cet6-extra
default	cet6-extra
defer	cet6-extra
degenerate	cet6-extra
degeneration	cet6-extra
degradation	cet6-extra
degrade	cet6-extra
delicacy	cet6-extra
delude	cet6-extra
delusion	cet6-extra
demographic	cet6-extra
denotation	cet6-extra
denote	cet6-extra
denounce	cet6-extra
denunciation	cet6-extra
depict	cet6-extra
depiction	cet6-extra
deplete	cet6-extra
depletion	cet6-extra
deplore	cet6-extra
deploy	cet6-extra
deployment	cet6-extra
deport	cet6-extra
deportation	cet6-extra
depot	cet6-extra
depreciate	cet6-extra
depreciation	cet6-extra
derail	cet6-extra
derailment	cet6-extra
deregulate	cet6-extra
deregulation	cet6-extra
designate	cet6-extra
designation	cet6-extra
desolate	cet6-extra
despise	cet6-extra
destined	cet6-extra
destiny	cet6-extra
detach	cet6-extra
detached	cet6-extra
detachment	cet6-extra
detain	cet6-extra
detention	cet6-extra
deter	cet6-extra
detergent	cet6-extra
deterrent	cet6-extra
detriment	cet6-extra
detrimental	cet6-extra
devastate	cet6-extra
devastating	cet6-extra
devastation	cet6-extra
deviate	cet6-extra
deviation	cet6-extra
devour	cet6-extra
diesel	cet6-extra
differentiate	cet6-extra
differentiation	cet6-extra
diffuse	cet6-extra
diffusion	cet6-extra
dilute	cet6-extra
dilution	cet6-extra
diminish	cet6-extra
dinosaur	cet6-extra
directory	cet6-extra
disarm	cet6-extra
disarmament	cet6-extra
discern	cet6-extra
disclose	cet6-extra
disclosure	cet6-extra
discord	cet6-extra
discourse	cet6-extra
discreet	cet6-extra
discrepancy	cet6-extra
dismantle	cet6-extra
dismay	cet6-extra
dispatch	cet6-extra
dispense	cet6-extra
disperse	cet6-extra
displace	cet6-extra
displacement	cet6-extra
disposition	cet6-extra
disregard	cet6-extra
dissent	cet6-extra
dissertation	cet6-extra
dissident	cet6-extra
distil	cet6-extra
distort	cet6-extra
distortion	cet6-extra
diversion	cet6-extra
divert	cet6-extra
dividend	cet6-extra
divine	cet6-extra
doctrine	cet6-extra
dodge	cet6-extra
dogma	cet6-extra
dole	cet6-extra
domain	cet6-extra
dome	cet6-extra
dough	cet6-extra
downgrade	cet6-extra
doze	cet6-extra
drawback	cet6-extra
dread	cet6-extra
dreadful	cet6-extra
dressing	cet6-extra
dub	cet6-extra
dubious	cet6-extra
duplicate	cet6-extra
duplication	cet6-extra
dwarf	cet6-extra
dwell	cet6-extra
dweller	cet6-extra
dwelling	cet6-extra
easter	cet6-extra
eccentric	cet6-extra
eclipse	cet6-extra
ecosystem	cet6-extra
edible	cet6-extra
ego	cet6-extra
egoism	cet6-extra
egoist	cet6-extra
eject	cet6-extra
ejection	cet6-extra
elaborate	cet6-extra
elaboration	cet6-extra
elapse	cet6-extra
elastic	cet6-extra
elasticity	cet6-extra
electoral	cet6-extra
electorate	cet6-extra
elicit	cet6-extra
eligibility	cet6-extra
eligible	cet6-extra
eloquence	cet6-extra
eloquent	cet6-extra
emancipate	cet6-extra
emancipation	cet6-extra
embargo	cet6-extra
embark	cet6-extra
embed	cet6-extra
embodiment	cet6-extra
embody	cet6-extra
embroidery	cet6-extra
emigrant	cet6-extra
emigrate	cet6-extra
emigration	cet6-extra
eminence	cet6-extra
eminent	cet6-extra
empirical	cet6-extra
emulate	cet6-extra
emulation	cet6-extra
enact	cet6-extra
enactment	cet6-extra
enclose	cet6-extra
enclosure	cet6-extra
encyclopedia	cet6-extra
endeavor	cet6-extra
endorse	cet6-extra
endorsement	cet6-extra
endow	cet6-extra
endowment	cet6-extra
enlist	cet6-extra
ensue	cet6-extra
entail	cet6-extra
entity	cet6-extra
entrust	cet6-extra
envelop	cet6-extra
envisage	cet6-extra
envoy	cet6-extra
epic	cet6-extra
epidemic	cet6-extra
epoch	cet6-extra
equate	cet6-extra
equation	cet6-extra
equator	cet6-extra
equitable	cet6-extra
equity	cet6-extra
eradicate	cet6-extra
eradication	cet6-extra
erect	cet6-extra
erection	cet6-extra
erode	cet6-extra
erosion	cet6-extra
erosive	cet6-extra
errand	cet6-extra
erupt	cet6-extra
eruption	cet6-extra
escalate	cet6-extra
escalation	cet6-extra
escalator	cet6-extra
escort	cet6-extra
ess	cet6-extra
esteem	cet6-extra
esthetic	cet6-extra
esthetics	cet6-extra
etiquette	cet6-extra
evacuate	cet6-extra
evacuation	cet6-extra
evade	cet6-extra
evaporate	cet6-extra
evaporation	cet6-extra
evasion	cet6-extra
evasive	cet6-extra
evoke	cet6-extra
excerpt	cet6-extra
exempt	cet6-extra
exemption	cet6-extra
exotic	cet6-extra
expedition	cet6-extra
expiration	cet6-extra
expire	cet6-extra
exponent	cet6-extra
exposition	cet6-extra
exquisite	cet6-extra
extinct	cet6-extra
extinction	cet6-extra
extract	cet6-extra
extraction	cet6-extra
extravagance	cet6-extra
extravagant	cet6-extra
fabricate	cet6-extra
fabrication	cet6-extra
fabulous	cet6-extra
facet	cet6-extra
faction	cet6-extra
fascism	cet6-extra
fascist	cet6-extra
feast	cet6-extra
feat	cet6-extra
feeble	cet6-extra
feminine	cet6-extra
feminism	cet6-extra
feminist	cet6-extra
finite	cet6-extra
fiscal	cet6-extra
flank	cet6-extra
flap	cet6-extra
flare	cet6-extra
flatter	cet6-extra
flattery	cet6-extra
fling	cet6-extra
flip	cet6-extra
flirt	cet6-extra
flirtation	cet6-extra
flush	cet6-extra
flutter	cet6-extra
foam	cet6-extra
foe	cet6-extra
foil	cet6-extra
folklore	cet6-extra
foretell	cet6-extra
forfeit	cet6-extra
formidable	cet6-extra
fort	cet6-extra
fortification	cet6-extra
fortify	cet6-extra
fortnight	cet6-extra
foster	cet6-extra
foul	cet6-extra
fracture	cet6-extra
fragile	cet6-extra
fragility	cet6-extra
fragrance	cet6-extra
fragrant	cet6-extra
franchise	cet6-extra
frantic	cet6-extra
frantically	cet6-extra
fraud	cet6-extra
fraudulent	cet6-extra
friction	cet6-extra
fringe	cet6-extra
frown	cet6-extra
furious	cet6-extra
fury	cet6-extra
fuse	cet6-extra
fusion	cet6-extra
futile	cet6-extra
futility	cet6-extra
galaxy	cet6-extra
garlic	cet6-extra
gasp	cet6-extra
gauge	cet6-extra
genre	cet6-extra
giggle	cet6-extra
glacier	cet6-extra
glamor	cet6-extra
glamorous	cet6-extra
gland	cet6-extra
glare	cet6-extra
gleam	cet6-extra
glide	cet6-extra
glider	cet6-extra
glitter	cet6-extra
glossary	cet6-extra
gorge	cet6-extra
gospel	cet6-extra
graze	cet6-extra
grease	cet6-extra
greasy	cet6-extra
greed	cet6-extra
greedy	cet6-extra
grid	cet6-extra
grill	cet6-extra
grim	cet6-extra
groan	cet6-extra
groove	cet6-extra
grope	cet6-extra
hamper	cet6-extra
handicraft	cet6-extra
harass	cet6-extra
harassment	cet6-extra
hardy	cet6-extra
haven	cet6-extra
havoc	cet6-extra
hawk	cet6-extra
heave	cet6-extra
hectic	cet6-extra
helmet	cet6-extra
hemisphere	cet6-extra
henceforth	cet6-extra
herald	cet6-extra
herb	cet6-extra
herbal	cet6-extra
heroin	cet6-extra
hibernate	cet6-extra
hibernation	cet6-extra
hierarchical	cet6-extra
hierarchy	cet6-extra
hike	cet6-extra
hinge	cet6-extra
hitherto	cet6-extra
hive	cet6-extra
hockey	cet6-extra
hoist	cet6-extra
homogeneous	cet6-extra
hop	cet6-extra
hose	cet6-extra
hostage	cet6-extra
hound	cet6-extra
hover	cet6-extra
howl	cet6-extra
huddle	cet6-extra
hum	cet6-extra
humane	cet6-extra
humanism	cet6-extra
humanist	cet6-extra
humanitarian	cet6-extra
humid	cet6-extra
humidity	cet6-extra
humiliate	cet6-extra
humiliation	cet6-extra
hurdle	cet6-extra
hurl	cet6-extra
hurricane	cet6-extra
hybrid	cet6-extra
hygiene	cet6-extra
hygienic	cet6-extra
hypocrisy	cet6-extra
hypocrite	cet6-extra
hypocritical	cet6-extra
hypothesis	cet6-extra
hypothetical	cet6-extra
hysteria	cet6-extra
hysterical	cet6-extra
iceberg	cet6-extra
icon	cet6-extra
ideological	cet6-extra
ideology	cet6-extra
idiot	cet6-extra
idiotic	cet6-extra
idol	cet6-extra
ignite	cet6-extra
ignition	cet6-extra
illicit	cet6-extra
illiteracy	cet6-extra
illiterate	cet6-extra
illuminate	cet6-extra
illumination	cet6-extra
immerse	cet6-extra
immersion	cet6-extra
imminent	cet6-extra
impair	cet6-extra
impart	cet6-extra
imperative	cet6-extra
impetus	cet6-extra
imprison	cet6-extra
imprisonment	cet6-extra
impromptu	cet6-extra
inaugurate	cet6-extra
inauguration	cet6-extra
inborn	cet6-extra
incorporate	cet6-extra
incorporation	cet6-extra
incumbent	cet6-extra
incur	cet6-extra
indebted	cet6-extra
indefinite	cet6-extra
indict	cet6-extra
indictment	cet6-extra
indigenous	cet6-extra
indignant	cet6-extra
indignation	cet6-extra
indulge	cet6-extra
indulgence	cet6-extra
indulgent	cet6-extra
inertia	cet6-extra
inflict	cet6-extra
infliction	cet6-extra
infringe	cet6-extra
infringement	cet6-extra
ingenious	cet6-extra
ingenuity	cet6-extra
inherent	cet6-extra
inhibit	cet6-extra
inhibition	cet6-extra
inject	cet6-extra
injection	cet6-extra
inmate	cet6-extra
innumerable	cet6-extra
insulate	cet6-extra
insulation	cet6-extra
insulator	cet6-extra
integral	cet6-extra
intellect	cet6-extra
intelligible	cet6-extra
intercourse	cet6-extra
interim	cet6-extra
intermittent	cet6-extra
interrogate	cet6-extra
interrogation	cet6-extra
intervene	cet6-extra
intervention	cet6-extra
intimidate	cet6-extra
intimidation	cet6-extra
intricacy	cet6-extra
intricate	cet6-extra
intrigue	cet6-extra
intrinsic	cet6-extra
intrinsically	cet6-extra
intuition	cet6-extra
intuitive	cet6-extra
inventory	cet6-extra
inversion	cet6-extra
invert	cet6-extra
irrespective	cet6-extra
irritable	cet6-extra
irritate	cet6-extra
irritating	cet6-extra
irritation	cet6-extra
isle	cet6-extra
ivory	cet6-extra
jack	cet6-extra
jargon	cet6-extra
jelly	cet6-extra
jeopardize	cet6-extra
jeopardy	cet6-extra
jerk	cet6-extra
jockey	cet6-extra
jolly	cet6-extra
judicial	cet6-extra
judiciary	cet6-extra
junction	cet6-extra
jurisdiction	cet6-extra
juvenile	cet6-extra
kidnap	cet6-extra
kidney	cet6-extra
knight	cet6-extra
knob	cet6-extra
lad	cet6-extra
landmark	cet6-extra
lash	cet6-extra
latitude	cet6-extra
lavish	cet6-extra
lawsuit	cet6-extra
layman	cet6-extra
leaflet	cet6-extra
legacy	cet6-extra
legitimacy	cet6-extra
legitimate	cet6-extra
leniency	cet6-extra
lenient	cet6-extra
lesbian	cet6-extra
lever	cet6-extra
leverage	cet6-extra
levy	cet6-extra
lieutenant	cet6-extra
lime	cet6-extra
limelight	cet6-extra
limp	cet6-extra
linen	cet6-extra
liner	cet6-extra
linger	cet6-extra
linguistic	cet6-extra
linguistics	cet6-extra
lipstick	cet6-extra
livestock	cet6-extra
locomotive	cet6-extra
lofty	cet6-extra
logistic	cet6-extra
logistics	cet6-extra
longevity	cet6-extra
longitude	cet6-extra
longitudinal	cet6-extra
loom	cet6-extra
loop	cet6-extra
loot	cet6-extra
lotion	cet6-extra
lottery	cet6-extra
lounge	cet6-extra
lubricate	cet6-extra
lubrication	cet6-extra
lucrative	cet6-extra
luminous	cet6-extra
lure	cet6-extra
lyric	cet6-extra
lyrical	cet6-extra
magistrate	cet6-extra
magnify	cet6-extra
magnitude	cet6-extra
majestic	cet6-extra
majesty	cet6-extra
malice	cet6-extra
malicious	cet6-extra
malignant	cet6-extra
malpractice	cet6-extra
mandate	cet6-extra
mandatory	cet6-extra
maneuver	cet6-extra
manifest	cet6-extra
manifestation	cet6-extra
manoeuvre	cet6-extra
mansion	cet6-extra
manuscript	cet6-extra
mar	cet6-extra
marble	cet6-extra
maritime	cet6-extra
martyr	cet6-extra
martyrdom	cet6-extra
masculine	cet6-extra
masculinity	cet6-extra
massacre	cet6-extra
maternal	cet6-extra
maternity	cet6-extra
meadow	cet6-extra
mediate	cet6-extra
mediation	cet6-extra
mediator	cet6-extra
medication	cet6-extra
medieval	cet6-extra
melodious	cet6-extra
melody	cet6-extra
menace	cet6-extra
mentor	cet6-extra
merchandise	cet6-extra
mercury	cet6-extra
merge	cet6-extra
merger	cet6-extra
metabolic	cet6-extra
metabolism	cet6-extra
metaphor	cet6-extra
metaphorical	cet6-extra
meticulous	cet6-extra
metropolitan	cet6-extra
midst	cet6-extra
midwife	cet6-extra
milestone	cet6-extra
militancy	cet6-extra
militant	cet6-extra
militia	cet6-extra
mindset	cet6-extra
mingle	cet6-extra
miniature	cet6-extra
mint	cet6-extra
missionary	cet6-extra
moan	cet6-extra
mobilize	cet6-extra
mock	cet6-extra
molecular	cet6-extra
molecule	cet6-extra
momentous	cet6-extra
momentum	cet6-extra
monarch	cet6-extra
monarchy	cet6-extra
monopolize	cet6-extra
monopoly	cet6-extra
monotonous	cet6-extra
monotony	cet6-extra
morale	cet6-extra
mortal	cet6-extra
mortality	cet6-extra
mosquito	cet6-extra
mourn	cet6-extra
mourning	cet6-extra
mow	cet6-extra
multilateral	cet6-extra
multitude	cet6-extra
murmur	cet6-extra
mute	cet6-extra
mutter	cet6-extra
naive	cet6-extra
naivety	cet6-extra
navigate	cet6-extra
navigation	cet6-extra
negligence	cet6-extra
negligent	cet6-extra
negligible	cet6-extra
nickname	cet6-extra
nil	cet6-extra
nitrogen	cet6-extra
nominal	cet6-extra
nominate	cet6-extra
nomination	cet6-extra
nominee	cet6-extra
nonetheless	cet6-extra
noteworthy	cet6-extra
notoriety	cet6-extra
notorious	cet6-extra
notwithstanding	cet6-extra
numb	cet6-extra
numerical	cet6-extra
nurture	cet6-extra
oak	cet6-extra
oar	cet6-extra
oath	cet6-extra
obscene	cet6-extra
obscenity	cet6-extra
obscure	cet6-extra
obscurity	cet6-extra
observatory	cet6-extra
obsess	cet6-extra
obsession	cet6-extra
obsessive	cet6-extra
obstruct	cet6-extra
obstruction	cet6-extra
offset	cet6-extra
offspring	cet6-extra
olive	cet6-extra
onset	cet6-extra
opaque	cet6-extra
operative	cet6-extra
oppress	cet6-extra
oppression	cet6-extra
oppressive	cet6-extra
optic	cet6-extra
optical	cet6-extra
optimal	cet6-extra
optimum	cet6-extra
ordeal	cet6-extra
orthodox	cet6-extra
outfit	cet6-extra
outlaw	cet6-extra
outrage	cet6-extra
outrageous	cet6-extra
overflow	cet6-extra
overhaul	cet6-extra
overlap	cet6-extra
override	cet6-extra
overstate	cet6-extra
overt	cet6-extra
overturn	cet6-extra
owl	cet6-extra
oxide	cet6-extra
pact	cet6-extra
pamphlet	cet6-extra
panorama	cet6-extra
panoramic	cet6-extra
pant	cet6-extra
parachute	cet6-extra
paradigm	cet6-extra
paradise	cet6-extra
paralysis	cet6-extra
paralyze	cet6-extra
parameter	cet6-extra
parasite	cet6-extra
parish	cet6-extra
parole	cet6-extra
parrot	cet6-extra
partisan	cet6-extra
partition	cet6-extra
passerby	cet6-extra
pasta	cet6-extra
pastry	cet6-extra
pasture	cet6-extra
pathetic	cet6-extra
patriot	cet6-extra
patriotic	cet6-extra
patriotism	cet6-extra
patrol	cet6-extra
patron	cet6-extra
patronage	cet6-extra
patronize	cet6-extra
peck	cet6-extra
pedal	cet6-extra
peddle	cet6-extra
peel	cet6-extra
peep	cet6-extra
peg	cet6-extra
pending	cet6-extra
pendulum	cet6-extra
penguin	cet6-extra
peninsula	cet6-extra
perch	cet6-extra
perfume	cet6-extra
perish	cet6-extra
permeate	cet6-extra
permeation	cet6-extra
perpetual	cet6-extra
perpetuate	cet6-extra
perplex	cet6-extra
perplexity	cet6-extra
persecute	cet6-extra
persecution	cet6-extra
pest	cet6-extra
pesticide	cet6-extra
petition	cet6-extra
petitioner	cet6-extra
petrochemical	cet6-extra
pharmaceutical	cet6-extra
pharmacy	cet6-extra
physiological	cet6-extra
pilgrim	cet6-extra
pilgrimage	cet6-extra
plaintiff	cet6-extra
plateau	cet6-extra
plausible	cet6-extra
plaza	cet6-extra
plea	cet6-extra
plead	cet6-extra
plight	cet6-extra
plumber	cet6-extra
plumbing	cet6-extra
poise	cet6-extra
poised	cet6-extra
poke	cet6-extra
polytechnic	cet6-extra
ponder	cet6-extra
porcelain	cet6-extra
porch	cet6-extra
porridge	cet6-extra
portfolio	cet6-extra
portrait	cet6-extra
portray	cet6-extra
portrayal	cet6-extra
potent	cet6-extra
pottery	cet6-extra
poultry	cet6-extra
practitioner	cet6-extra
precede	cet6-extra
precedent	cet6-extra
preceding	cet6-extra
predator	cet6-extra
predatory	cet6-extra
predecessor	cet6-extra
predominance	cet6-extra
predominant	cet6-extra
predominate	cet6-extra
premature	cet6-extra
premise	cet6-extra
premium	cet6-extra
preoccupied	cet6-extra
preoccupy	cet6-extra
prerequisite	cet6-extra
preside	cet6-extra
prestige	cet6-extra
prestigious	cet6-extra
presumably	cet6-extra
presume	cet6-extra
presumption	cet6-extra
pretext	cet6-extra
prey	cet6-extra
probe	cet6-extra
profile	cet6-extra
prolong	cet6-extra
prone	cet6-extra
proofread	cet6-extra
prop	cet6-extra
propaganda	cet6-extra
propagate	cet6-extra
propagation	cet6-extra
propel	cet6-extra
propeller	cet6-extra
prosecute	cet6-extra
prosecution	cet6-extra
prosper	cet6-extra
prosperity	cet6-extra
prosperous	cet6-extra
protocol	cet6-extra
prototype	cet6-extra
proximate	cet6-extra
proximity	cet6-extra
psychiatric	cet6-extra
psychiatrist	cet6-extra
psychiatry	cet6-extra
pudding	cet6-extra
pumpkin	cet6-extra
pyramid	cet6-extra
quart	cet6-extra
query	cet6-extra
quest	cet6-extra
quiver	cet6-extra
radiant	cet6-extra
radiate	cet6-extra
radiation	cet6-extra
radiator	cet6-extra
radioactive	cet6-extra
radioactivity	cet6-extra
ranch	cet6-extra
random	cet6-extra
rap	cet6-extra
rape	cet6-extra
rash	cet6-extra
ratification	cet6-extra
ratify	cet6-extra
ration	cet6-extra
rattle	cet6-extra
reassurance	cet6-extra
reassure	cet6-extra
recede	cet6-extra
recipe	cet6-extra
reciprocal	cet6-extra
reckless	cet6-extra
reconcile	cet6-extra
reconciliation	cet6-extra
reconciliatory	cet6-extra
rectification	cet6-extra
rectify	cet6-extra
recur	cet6-extra
recurrence	cet6-extra
redundancy	cet6-extra
redundant	cet6-extra
reel	cet6-extra
referee	cet6-extra
referendum	cet6-extra
refuge	cet6-extra
refugee	cet6-extra
refund	cet6-extra
refutation	cet6-extra
refute	cet6-extra
regime	cet6-extra
regiment	cet6-extra
regimental	cet6-extra
rehabilitate	cet6-extra
rehabilitation	cet6-extra
rehearsal	cet6-extra
rehearse	cet6-extra
reign	cet6-extra
rein	cet6-extra
rejoice	cet6-extra
rejoicing	cet6-extra
relentless	cet6-extra
relic	cet6-extra
relish	cet6-extra
reminiscence	cet6-extra
reminiscent	cet6-extra
remnant	cet6-extra
renaissance	cet6-extra
renown	cet6-extra
renowned	cet6-extra
repel	cet6-extra
repertoire	cet6-extra
repress	cet6-extra
repression	cet6-extra
repressive	cet6-extra
reproach	cet6-extra
reputable	cet6-extra
repute	cet6-extra
reservoir	cet6-extra
reshuffle	cet6-extra
restless	cet6-extra
retaliate	cet6-extra
retaliation	cet6-extra
retarded	cet6-extra
retort	cet6-extra
retrieval	cet6-extra
retrieve	cet6-extra
retrospect	cet6-extra
retrospective	cet6-extra
revenge	cet6-extra
revengeful	cet6-extra
revival	cet6-extra
revive	cet6-extra
revolt	cet6-extra
rhetoric	cet6-extra
rhetorical	cet6-extra
ridge	cet6-extra
rig	cet6-extra
rigid	cet6-extra
rigidity	cet6-extra
rigor	cet6-extra
rigorous	cet6-extra
rim	cet6-extra
ritual	cet6-extra
robust	cet6-extra
rot	cet6-extra
rotate	cet6-extra
rotation	cet6-extra
rotten	cet6-extra
rust	cet6-extra
rusty	cet6-extra
ruthless	cet6-extra
sacred	cet6-extra
saddle	cet6-extra
safeguard	cet6-extra
salmon	cet6-extra
salon	cet6-extra
salutation	cet6-extra
salute	cet6-extra
salvage	cet6-extra
salvation	cet6-extra
sanction	cet6-extra
sanctuary	cet6-extra
sanitary	cet6-extra
sanitation	cet6-extra
sarcasm	cet6-extra
sarcastic	cet6-extra
satire	cet6-extra
satirical	cet6-extra
satirist	cet6-extra
saturate	cet6-extra
saturation	cet6-extra
savage	cet6-extra
scenario	cet6-extra
sceptic	cet6-extra
sceptical	cet6-extra
scepticism	cet6-extra
scorn	cet6-extra
scornful	cet6-extra
scramble	cet6-extra
scrap	cet6-extra
scrape	cet6-extra
scrub	cet6-extra
scrutinize	cet6-extra
scrutiny	cet6-extra
sculpture	cet6-extra
secular	cet6-extra
seduce	cet6-extra
seduction	cet6-extra
seductive	cet6-extra
segregate	cet6-extra
segregation	cet6-extra
sensation	cet6-extra
sensational	cet6-extra
sentiment	cet6-extra
sentimental	cet6-extra
sergeant	cet6-extra
serial	cet6-extra
shabby	cet6-extra
shaft	cet6-extra
shark	cet6-extra
shatter	cet6-extra
shepherd	cet6-extra
shield	cet6-extra
shipyard	cet6-extra
shorthand	cet6-extra
shove	cet6-extra
showcase	cet6-extra
shred	cet6-extra
shrewd	cet6-extra
shrub	cet6-extra
shrubbery	cet6-extra
signify	cet6-extra
simulate	cet6-extra
simulation	cet6-extra
simultaneous	cet6-extra
sinister	cet6-extra
skeptic	cet6-extra
skeptical	cet6-extra
skepticism	cet6-extra
skim	cet6-extra
skull	cet6-extra
slack	cet6-extra
slam	cet6-extra
slash	cet6-extra
slaughter	cet6-extra
slot	cet6-extra
slum	cet6-extra
slump	cet6-extra
smuggle	cet6-extra
smuggler	cet6-extra
smuggling	cet6-extra
snail	cet6-extra
snap	cet6-extra
snatch	cet6-extra
sneak	cet6-extra
sniff	cet6-extra
snob	cet6-extra
snobbish	cet6-extra
sob	cet6-extra
sober	cet6-extra
socket	cet6-extra
sodium	cet6-extra
solicit	cet6-extra
solicitor	cet6-extra
solidarity	cet6-extra
solitary	cet6-extra
solitude	cet6-extra
solo	cet6-extra
soothe	cet6-extra
sovereign	cet6-extra
sovereignty	cet6-extra
spaghetti	cet6-extra
spear	cet6-extra
speciality	cet6-extra
specialty	cet6-extra
spectacle	cet6-extra
spectacular	cet6-extra
spectator	cet6-extra
spectrum	cet6-extra
spice	cet6-extra
spicy	cet6-extra
spider	cet6-extra
spinal	cet6-extra
spine	cet6-extra
spiral	cet6-extra
sponge	cet6-extra
spongy	cet6-extra
spotlight	cet6-extra
sprawl	cet6-extra
sprinkle	cet6-extra
squad	cet6-extra
stab	cet6-extra
stagger	cet6-extra
stagnant	cet6-extra
stagnate	cet6-extra
stagnation	cet6-extra
stalk	cet6-extra
stall	cet6-extra
stammer	cet6-extra
stance	cet6-extra
standby	cet6-extra
stark	cet6-extra
static	cet6-extra
stationery	cet6-extra
statute	cet6-extra
statutory	cet6-extra
stereotype	cet6-extra
stern	cet6-extra
steward	cet6-extra
stifle	cet6-extra
stigma	cet6-extra
stipulate	cet6-extra
stipulation	cet6-extra
stitch	cet6-extra
stoop	cet6-extra
stout	cet6-extra
strait	cet6-extra
strand	cet6-extra
strangle	cet6-extra
stray	cet6-extra
streak	cet6-extra
streamline	cet6-extra
stroll	cet6-extra
stubborn	cet6-extra
stumble	cet6-extra
stump	cet6-extra
stun	cet6-extra
stunning	cet6-extra
sturdy	cet6-extra
submarine	cet6-extra
submerge	cet6-extra
subordinate	cet6-extra
subordination	cet6-extra
subscribe	cet6-extra
subscriber	cet6-extra
subscription	cet6-extra
subsidize	cet6-extra
subsidy	cet6-extra
subsistence	cet6-extra
subtle	cet6-extra
subtlety	cet6-extra
sue	cet6-extra
suffice	cet6-extra
suicidal	cet6-extra
suicide	cet6-extra
suite	cet6-extra
sulfur	cet6-extra
sulphur	cet6-extra
summon	cet6-extra
superintendent	cet6-extra
superstition	cet6-extra
superstitious	cet6-extra
suppress	cet6-extra
suppression	cet6-extra
suppressive	cet6-extra
surpass	cet6-extra
surveillance	cet6-extra
susceptible	cet6-extra
swamp	cet6-extra
swap	cet6-extra
symmetric	cet6-extra
symmetry	cet6-extra
symphony	cet6-extra
symposium	cet6-extra
syndicate	cet6-extra
syndrome	cet6-extra
synonym	cet6-extra
synthesis	cet6-extra
synthesize	cet6-extra
synthetic	cet6-extra
taboo	cet6-extra
tack	cet6-extra
tact	cet6-extra
tactful	cet6-extra
tactic	cet6-extra
tan	cet6-extra
tangle	cet6-extra
tanker	cet6-extra
tariff	cet6-extra
tease	cet6-extra
temperament	cet6-extra
tempo	cet6-extra
temporal	cet6-extra
tempt	cet6-extra
temptation	cet6-extra
tenant	cet6-extra
tentative	cet6-extra
tenure	cet6-extra
terminate	cet6-extra
termination	cet6-extra
terrace	cet6-extra
terrain	cet6-extra
tertiary	cet6-extra
testify	cet6-extra
testimony	cet6-extra
texture	cet6-extra
thermal	cet6-extra
thigh	cet6-extra
thorn	cet6-extra
thorny	cet6-extra
threshold	cet6-extra
thrift	cet6-extra
thrifty	cet6-extra
thrill	cet6-extra
thriller	cet6-extra
throne	cet6-extra
tickle	cet6-extra
tile	cet6-extra
tilt	cet6-extra
timid	cet6-extra
toil	cet6-extra
topple	cet6-extra
tornado	cet6-extra
tournament	cet6-extra
tow	cet6-extra
toxic	cet6-extra
tract	cet6-extra
trait	cet6-extra
tranquil	cet6-extra
tranquility	cet6-extra
transcend	cet6-extra
transient	cet6-extra
transistor	cet6-extra
transition	cet6-extra
transitional	cet6-extra
trauma	cet6-extra
traumatic	cet6-extra
tread	cet6-extra
treasurer	cet6-extra
treasury	cet6-extra
trek	cet6-extra
trench	cet6-extra
tribal	cet6-extra
tribe	cet6-extra
tribune	cet6-extra
tribute	cet6-extra
trickle	cet6-extra
trillion	cet6-extra
trim	cet6-extra
trivial	cet6-extra
trophy	cet6-extra
tropic	cet6-extra
tropical	cet6-extra
trumpet	cet6-extra
tub	cet6-extra
tuck	cet6-extra
tug	cet6-extra
tumble	cet6-extra
turbulence	cet6-extra
turbulent	cet6-extra
turmoil	cet6-extra
turnout	cet6-extra
turnover	cet6-extra
turtle	cet6-extra
ultra	cet6-extra
unanimous	cet6-extra
underlie	cet6-extra
underlying	cet6-extra
unfold	cet6-extra
unification	cet6-extra
unify	cet6-extra
unilateral	cet6-extra
unleash	cet6-extra
unprecedented	cet6-extra
unveil	cet6-extra
uphold	cet6-extra
uprising	cet6-extra
uranium	cet6-extra
urinate	cet6-extra
urine	cet6-extra
vaccinate	cet6-extra
vaccination	cet6-extra
vaccine	cet6-extra
valve	cet6-extra
vegetation	cet6-extra
vein	cet6-extra
velocity	cet6-extra
velvet	cet6-extra
vent	cet6-extra
ventilate	cet6-extra
ventilation	cet6-extra
venue	cet6-extra
verdict	cet6-extra
verge	cet6-extra
versatile	cet6-extra
verse	cet6-extra
vest	cet6-extra
viable	cet6-extra
vibrate	cet6-extra
vibration	cet6-extra
vice	cet6-extra
vicinity	cet6-extra
vicious	cet6-extra
virgin	cet6-extra
virginity	cet6-extra
vocal	cet6-extra
vogue	cet6-extra
void	cet6-extra
volatile	cet6-extra
volatility	cet6-extra
voucher	cet6-extra
vow	cet6-extra
vulgar	cet6-extra
waive	cet6-extra
waiver	cet6-extra
wardrobe	cet6-extra
warrant	cet6-extra
warranty	cet6-extra
watt	cet6-extra
weariness	cet6-extra
weary	cet6-extra
wedge	cet6-extra
wharf	cet6-extra
whereabouts	cet6-extra
whereby	cet6-extra
whirl	cet6-extra
wholesale	cet6-extra
wholesome	cet6-extra
wicked	cet6-extra
wield	cet6-extra
wink	cet6-extra
witch	cet6-extra
wither	cet6-extra
withhold	cet6-extra
wrench	cet6-extra
wrestle	cet6-extra
wrestling	cet6-extra
wretched	cet6-extra
yacht	cet6-extra
yawn	cet6-extra
yearn	cet6-extra
yearning	cet6-extra
zeal	cet6-extra
zealous	cet6-extra
zigzag	cet6-extra
zip	cet6-extra
zipper	cet6-extra
zoom	cet6-extra
